No.,Nama Aktiva Tetap,NO SAP,Lokasi (Dist.Rule),Qty,Useful Life (Month),Useful Life (Year),acquisition Date,acquisition Year,Total Acquisision value,Kategori
1,"Zenia Staff Chair - Black, Code : X091445 - CPF1",500005,9CPF,4,48,4,30-Jun-18,2018," 213,400 ",Furniture & Fixture
2,"Zenia Staff Chair - Black, Code : X115821 - CPF1",500006,9CPF,7,48,4,30-Jun-18,2018," 177,770 ",Furniture & Fixture
3,"Zenia Staff Chair - Black #2, Code : X115821 - CPF1",500009,9CPF,8,48,4,30-Jun-18,2018," 118,514 ",Furniture & Fixture
4,"Zenia Staff Chair - Black #3, Code : X115821 - CPF1",500010,9CPF,6,48,4,30-Jun-18,2018," 118,514 ",Furniture & Fixture
5,"Zenia Staff Chair - Black #4, Code : X115821 - CPF1",500011,9CPF,1,48,4,30-Jun-18,2018," 118,514 ",Furniture & Fixture
6,Kursi Kantor CH With Armrest - CWH,500036,9CWH,1,48,4,30-Jun-18,2018," 215,616 ",Furniture & Fixture
7,Packing table - CPF,500038,9CPF,20,48,4,30-Jun-18,2018," 6,196,655 ",Furniture & Fixture
8,"Sieben Staff Desk 1206 Iron Wood (u/s), code: X130311 - CPF",500002,9CPF,2,48,4,30-Jun-18,2018," 1,780,957 ",Furniture & Fixture
9,"Sieben WS 25 1212 Iron Wood, Code: X130594 - CPF",500003,9CPF,6,48,4,30-Jun-18,2018," 4,244,660 ",Furniture & Fixture
10,"Sieben Staff Desk 1206 Iron Wood (u/s), code: X130613 - CPF",500004,9CPF,8,48,4,30-Jun-18,2018," 3,722,170 ",Furniture & Fixture
11,"Kentucky Bar Stool, Code : X066299 - CPF1",500007,9CPF,12,48,4,30-Jun-18,2018," 94,758 ",Furniture & Fixture
12,"Kentucky Bar Stool White #2, Code : X066299 - CPF1",500008,9CPF,8,48,4,30-Jun-18,2018," 94,758 ",Furniture & Fixture
13,"Storage Shelf Flag 4 Shelf, code : KLS 10009890 - CPF1",500012,9CPF,10,48,4,30-Jun-18,2018," 1,855,550 ",Furniture & Fixture
14,"Storage Shelf Flag 5 Shelf #1, code : KLS 291374 - CPF1",500013,9CPF,2,48,4,30-Jun-18,2018," 322,450 ",Furniture & Fixture
15,"Storage Shelf Flag 5 Shelf #2, code : KLS 291374 - CPF1",500014,9CPF,1,48,4,30-Jun-18,2018," 322,450 ",Furniture & Fixture
16,"Storage Shelving step rack IV 8 pintu #1, code : 283646 - CPF 1",500015,9CPF,1,48,4,30-Jun-18,2018," 982,450 ",Furniture & Fixture
17,"Storage Shelving step rack IV 8 pintu #2, code : 283646 - CPF 1",500016,9CPF,2,48,4,30-Jun-18,2018," 982,450 ",Furniture & Fixture
18,Storage Shelving step rack IV 8 pintu #3 code : 283646 - CPF 1,500017,9CPF,2,48,4,30-Jun-18,2018," 982,450 ",Furniture & Fixture
19,"Rak Gantung Grundtal #1, code 601.771.85 - CPF1",500018,9CPF,1,48,4,30-Jun-18,2018," 239,950 ",Furniture & Fixture
20,"Rak Gantung Grundtal #2, code 601.771.85 - CPF1",500019,9CPF,12,48,4,30-Jun-18,2018," 239,950 ",Furniture & Fixture
21,"Rak dinding Algot, code 390.685.22 - CPF1",500020,9CPF,5,48,4,30-Jun-18,2018," 769,990 ",Furniture & Fixture
22,"Rak besi 100x40x200 cm, 4 ambal + ambalan #1 - CPF1",500021,9CPF,4,48,4,30-Jun-18,2018," 587,820 ",Furniture & Fixture
23,"Rak besi 100x40x200 cm, 4 ambal + ambalan #2 - CPF1",500022,9CPF,1,48,4,30-Jun-18,2018," 587,820 ",Furniture & Fixture
24,"Rak besi 100x40x200 cm, 4 ambal + ambalan #3 - CPF1",500023,9CPF,1,48,4,30-Jun-18,2018," 587,820 ",Furniture & Fixture
25,"Rak besi 100x40x200 cm, 4 ambal + ambalan #4 - CPF1",500024,9CPF,1,48,4,30-Jun-18,2018," 587,820 ",Furniture & Fixture
26,"Rak besi 100x40x200 cm, 4 ambal + ambalan #5 - CPF1",500025,9CPF,1,48,4,30-Jun-18,2018," 587,820 ",Furniture & Fixture
27,"Rak besi 100x40x200 cm, 4 ambal + ambalan #6 - CPF1",500026,9CPF,1,48,4,30-Jun-18,2018," 587,820 ",Furniture & Fixture
28,"Rak besi 100x40x200 cm, 4 ambal + ambalan #7 - CPF1",500027,9CPF,1,48,4,30-Jun-18,2018," 587,820 ",Furniture & Fixture
29,"Rak besi 100x40x200 cm, 4 ambal + ambalan #8 - CPF1",500028,9CPF,1,48,4,30-Jun-18,2018," 587,820 ",Furniture & Fixture
30,"Rak besi 100x40x200 cm, 4 ambal + ambalan #9 - CPF1",500029,9CPF,1,48,4,30-Jun-18,2018," 587,820 ",Furniture & Fixture
31,"Rak besi 100x40x200 cm, 4 ambal + ambalan #10 - CPF1",500030,9CPF,1,48,4,30-Jun-18,2018," 587,820 ",Furniture & Fixture
32,"Rak besi 100x40x200 cm, 4 ambal + ambalan #11 - CPF1",500031,9CPF,1,48,4,30-Jun-18,2018," 587,820 ",Furniture & Fixture
33,"Rak besi 100x40x200 cm, 4 ambal + ambalan #12 - CPF1",500032,9CPF,1,48,4,30-Jun-18,2018," 587,820 ",Furniture & Fixture
34,Kursi Lipat Kuliahan #1 CPF,500033,9CPF,1,48,4,30-Jun-18,2018," 150,407 ",Furniture & Fixture
35,Kursi Lipat Kuliahan #2 CPF,500034,9CPF,1,48,4,30-Jun-18,2018," 150,407 ",Furniture & Fixture
36,Meja Kantor MTM 3001 uk 120x60x75 cm - CWH,500035,9CWH,1,48,4,30-Jun-18,2018," 421,866 ",Furniture & Fixture
37,Kursi Kantor CH With Armrest - CWH,500037,9CWH,1,48,4,30-Jun-18,2018," 215,616 ",Furniture & Fixture
38,"Meja Office Top Table Multiplek, Kaki Besi - 9CPF",500039,9CPF,1,48,4,31-Dec-18,2018," 2,050,000 ",Furniture & Fixture
39,"Meja Office Top Table Multiplek, Kaki Besi - 9CPF",500040,9CPF,1,48,4,31-Dec-18,2018," 2,050,000 ",Furniture & Fixture
40,"Meja Office Top Table Multiplek, Kaki Besi - 9CPF",500041,9CPF,1,48,4,31-Dec-18,2018," 2,050,000 ",Furniture & Fixture
41,"Meja Office Top Table Multiplek, Kaki Besi - 9CPF",500042,9CPF,1,48,4,31-Dec-18,2018," 2,050,000 ",Furniture & Fixture
42,"Meja Office Top Table Multiplek, Kaki Besi - 9CPF",500043,9CPF,1,48,4,31-Dec-18,2018," 2,050,000 ",Furniture & Fixture
43,"Meja Office Top Table Multiplek, Kaki Besi - 9CPF",500044,9CPF,1,48,4,31-Dec-18,2018," 2,050,000 ",Furniture & Fixture
44,"Meja Office Top Table Multiplek, Kaki Besi - 9CPF",500045,9CPF,1,48,4,31-Dec-18,2018," 2,050,000 ",Furniture & Fixture
45,"Meja Office Top Table Multiplek, Kaki Besi - 9CPF",500046,9CPF,1,48,4,31-Dec-18,2018," 2,050,000 ",Furniture & Fixture
46,Kitchen Set Atas dan Bawah - 9CPF,500047,9CPF,1,48,4,01-Feb-19,2019," 23,667,500 ",Furniture & Fixture
47,Meja Resepsionis uk.2m(P)x0.8m(L)x1.2m(T) - 9CPF,500048,9CPF,1,48,4,01-Feb-19,2019," 8,500,000 ",Furniture & Fixture
48,CF - Table For Mixer L1800mm x W595mm x H875mm - 9CPF,500057,9CUT,1,96,8,04-Apr-19,2019," 4,275,000 ",Furniture & Fixture
49,CF - Table For Mixer L1800mm x W595mm x H875mm - 9CPF,500058,9CUT,1,96,8,04-Apr-19,2019," 4,275,000 ",Furniture & Fixture
50,Table For Mixer L1800mm x W595mm x H875mm (2 Shelves) - 9CPF,500059,9CUT,1,48,4,04-Apr-19,2019," 6,460,000 ",Furniture & Fixture
51,Table For Mixer L1800mm x W595mm x H875mm (2 Shelves) - 9CPF,500060,9CUT,1,48,4,04-Apr-19,2019," 6,460,000 ",Furniture & Fixture
52,Table Top Phenolic Resin - 9CPF,500061,9CPF,1,48,4,25-Apr-19,2019," 9,000,000 ",Furniture & Fixture
53,Table Top Phenolic Resin - 9CPF,500062,9CPF,1,48,4,25-Apr-19,2019," 9,000,000 ",Furniture & Fixture
54,Rak besi 1800x700x24000 cm - 9CPF,500084,9CPF,1,48,4,31-May-19,2019," 9,718,050 ",Furniture & Fixture
55,Vinoti Office Working Chair Y-MESH MB - 9CPF,500074,9CPF,1,48,4,01-Jul-19,2019," 1,207,500 ",Furniture & Fixture
56,Vinoti Office Working Chair Y-MESH MB - 9CPF,500075,9CPF,1,48,4,01-Jul-19,2019," 1,207,500 ",Furniture & Fixture
57,Vinoti Office Working Chair Y-MESH MB - 9CPF,500076,9CPF,1,48,4,01-Jul-19,2019," 1,207,500 ",Furniture & Fixture
58,Vinoti Office Working Chair Y-MESH MB - 9CPF,500077,9CPF,1,48,4,01-Jul-19,2019," 1,207,500 ",Furniture & Fixture
59,Vinoti Office Working Chair Y-MESH MB - 9CPF,500078,9CPF,1,48,4,01-Jul-19,2019," 1,207,500 ",Furniture & Fixture
60,Vinoti Office Working Chair Y-MESH MB - 9CPF,500079,9CPF,1,48,4,01-Jul-19,2019," 1,207,500 ",Furniture & Fixture
61,Vinoti Office Working Chair Y-MESH MB - 9CPF,500080,9CPF,1,48,4,01-Jul-19,2019," 1,207,500 ",Furniture & Fixture
62,Vinoti Office Working Chair Y-MESH MB - 9CPF,500081,9CPF,1,48,4,01-Jul-19,2019," 1,207,500 ",Furniture & Fixture
63,Vinoti Office Working Chair U-MESH HB - 9CPF,500082,9CPF,1,48,4,01-Jul-19,2019," 2,135,000 ",Furniture & Fixture
64,Vinoti Office Working Chair U-MESH HB - 9CPF,500083,9CPF,1,48,4,01-Jul-19,2019," 2,135,000 ",Furniture & Fixture
65,Onna Blue Roller Blinds ch 38 Kain Solar 1400 (R.Pak Richard) - 9CPF,500091,9CPF,1,48,4,01-Aug-19,2019," 740,125 ",Furniture & Fixture
66,Onna Blue Roller Blinds ch 38 Kain Blackout 3302 (R.Pak Richard) - 9CPF,500092,9CPF,,48,4,01-Aug-19,2019," 759,875 ",Furniture & Fixture
67,Onna Blue Roller Blinds ch 38 Kain Blackout 3302 (R.Pak Richard) - 9CPF,500093,9CPF,,48,4,01-Aug-19,2019," 759,875 ",Furniture & Fixture
68,Onna Blue Roller Blinds ch 38 Kain Solar 1400 (R.Pak Sulis) - 9CPF,500094,9CPF,,48,4,01-Aug-19,2019," 740,125 ",Furniture & Fixture
69,Onna Blue Roller Blinds ch 38 Kain Blackout 3302 (R.Pak Sulis) - 9CPF,500095,9CPF,,48,4,01-Aug-19,2019," 759,875 ",Furniture & Fixture
70,Onna Blue Roller Blinds ch 38 Kain Blackout 3302 (R.Pak Sulis) - 9CPF,500096,9CPF,,48,4,01-Aug-19,2019," 759,875 ",Furniture & Fixture
71,Onna Blue Roller Blinds ch 38 Kain Solar 1400 (R.Lab PRD) - 9CPF,500097,9CPF,1,48,4,01-Aug-19,2019," 740,125 ",Furniture & Fixture
72,Onna Blue Roller Blinds ch 38 Kain Solar 1400 (R.Lab PRD) - 9CPF,500098,9CPF,1,48,4,01-Aug-19,2019," 740,125 ",Furniture & Fixture
73,Table Tennis BLU 210D - 9CPF,500099,9CPF,1,48,4,01-Aug-19,2019," 2,249,318 ",Furniture & Fixture
74,Meja Credenza Samping w/ Top & Plint Stainless Ruang Laboratorium - 9CPF,500085,9CPF,1,48,4,30-Sep-19,2019," 10,080,000 ",Furniture & Fixture
75,Lemari Rak Terbuka w/ Plint Stainless Ruang Laboratorium - 9CPF,500086,9CPF,1,48,4,30-Sep-19,2019," 6,300,000 ",Furniture & Fixture
76,Meja Credenza Bawah Papan Tulis Kaca w/ Top & Plint Stainless Ruang Laboratorium - 9CPF,500087,9CPF,,48,4,30-Sep-19,2019," 6,240,000 ",Furniture & Fixture
77,Meja Kerja w/ Top Granite Marmer Tile Ruang Laboratorium - 9CPF,500088,9CPF,,48,4,30-Sep-19,2019," 8,850,000 ",Furniture & Fixture
78,Papan Tulis Kaca Ruang Laboratorium - 9CPF,500089,9CPF,,48,4,30-Sep-19,2019," 2,000,000 ",Furniture & Fixture
79,Meja Sink Ruang Laboratorium - 9CPF,500090,9CPF,,48,4,30-Sep-19,2019," 7,500,000 ",Furniture & Fixture
80,Dustbin 660L Yellow - 9CPF,500100,9CPF,1,48,4,12-Sep-19,2019," 3,149,091 ",Furniture & Fixture
81,Dustbin 660L Yellow - 9CPF,500101,9CPF,,48,4,12-Sep-19,2019," 3,149,091 ",Furniture & Fixture
82,Side Table / Wall Bench Ruang Lab Utama 815.5x75x85 - 9CPF,500049,9CPF,,48,4,01-Sep-19,2019," 52,500,000 ",Furniture & Fixture
83,Hanging Bench 504x45x60 - 9CPF,500050,9CPF,,48,4,01-Sep-19,2019," 9,000,000 ",Furniture & Fixture
84,Center Table 200x120x85/160 - 9CPF,500051,9CPF,,48,4,01-Sep-19,2019," 29,950,000 ",Furniture & Fixture
85,Side Table / Wall Bench Ruang Autoclave 208.5x60x85 - 9CPF,500052,9CPF,,48,4,01-Sep-19,2019," 26,150,000 ",Furniture & Fixture
86,"Exhaust Fan 16"" Panasonic - 9CPF",500053,9CPF,,48,4,01-Sep-19,2019," 1,250,000 ",Furniture & Fixture
87,Meja Sink Ruang Antara 90x60x85 - 9CPF,500054,9CPF,,48,4,01-Sep-19,2019," 10,500,000 ",Furniture & Fixture
88,Side Table / Wall Bench Ruang Organoleptik 579x75x85 - 9CPF,500055,9CPF,,48,4,01-Sep-19,2019," 40,800,000 ",Furniture & Fixture
89,Pass Box 600x500x500 - 9CPF,500056,9CPF,,48,4,01-Sep-19,2019," 23,500,000 ",Furniture & Fixture
90,Meja Kerja (uk.80x180x75) Ruang Direktur - 9CPF,500063,9CPF,,48,4,01-Oct-19,2019," 5,500,000 ",Furniture & Fixture
91,Credenza Samping Meja Ruang Direktur - 9CPF,500064,9CPF,,48,4,01-Oct-19,2019," 3,570,000 ",Furniture & Fixture
92,Credenza Belakang Kursi Meja Ruang Direktur - 9CPF,500065,9CPF,,48,4,01-Oct-19,2019," 4,230,000 ",Furniture & Fixture
93,Meja Kerja (uk.80x180x75) Ruang Factory Manager - 9CPF,500066,9CPF,,48,4,01-Oct-19,2019," 5,500,000 ",Furniture & Fixture
94,Credenza Samping Meja Ruang Factory Manager - 9CPF,500067,9CPF,,48,4,01-Oct-19,2019," 3,570,000 ",Furniture & Fixture
95,Credenza Belakang Kursi Meja Ruang Factory Manager - 9CPF,500068,9CPF,,48,4,01-Oct-19,2019," 4,230,000 ",Furniture & Fixture
96,Meja Meeting uk.1.2x2.4 Dengan Stop Kontak Built in - 9CPF,500069,9CPF,,48,4,01-Oct-19,2019," 9,500,000 ",Furniture & Fixture
97,Credenza Depan (Bawah Proyektor) Ruang Training - 9CPF,500070,9CPF,,48,4,01-Oct-19,2019," 5,640,000 ",Furniture & Fixture
98,Meja Podium Ruang Training - 9CPF,500071,9CPF,,48,4,01-Oct-19,2019," 5,500,000 ",Furniture & Fixture
99,Credenza Bagian Belakang (Serving Table) Ruang Training - 9CPF,500072,9CPF,,48,4,01-Oct-19,2019," 4,700,000 ",Furniture & Fixture
100,Lemari Pajangan (Awards) - 9CPF,500073,9CPF,,48,4,01-Oct-19,2019," 26,880,000 ",Furniture & Fixture
101,1 Set IP PBX Panasonic NS300 - 9CPF,500102,9CPF,,48,4,21-Oct-19,2019," 12,900,000 ",Furniture & Fixture
102,MDF-100 pair - 9CPF,500103,9CPF,,48,4,21-Oct-19,2019," 1,500,000 ",Furniture & Fixture
103,DPT KX-DT521 Black - 9CPF,500104,9CPF,,48,4,21-Oct-19,2019," 1,750,000 ",Furniture & Fixture
104,DPT KX-DT521 Black - 9CPF,500105,9CPF,,48,4,21-Oct-19,2019," 1,750,000 ",Furniture & Fixture
105,DPT KX-DT521 Black - 9CPF,500106,9CPF,,48,4,21-Oct-19,2019," 1,750,000 ",Furniture & Fixture
106,Locker Karyawan - 5 Doors Single Column- 9CPF,500107,9CPF,,48,4,11-Oct-19,2019," 1,362,727 ",Furniture & Fixture
107,Locker Karyawan - 5 Doors Single Column- 9CPF,500108,9CPF,,48,4,11-Oct-19,2019," 1,362,727 ",Furniture & Fixture
108,Locker Karyawan - 5 Doors Single Column- 9CPF,500109,9CPF,,48,4,11-Oct-19,2019," 1,362,727 ",Furniture & Fixture
109,Locker Karyawan - 5 Doors Single Column- 9CPF,500110,9CPF,,48,4,11-Oct-19,2019," 1,362,727 ",Furniture & Fixture
110,Locker Karyawan - 5 Doors Single Column- 9CPF,500111,9CPF,,48,4,11-Oct-19,2019," 1,362,727 ",Furniture & Fixture
111,Locker Karyawan - 5 Doors Single Column- 9CPF,500112,9CPF,,48,4,11-Oct-19,2019," 1,362,727 ",Furniture & Fixture
112,Locker Karyawan - 5 Doors Single Column- 9CPF,500113,9CPF,,48,4,11-Oct-19,2019," 1,362,727 ",Furniture & Fixture
113,Locker Karyawan - 5 Doors Single Column- 9CPF,500114,9CPF,,48,4,11-Oct-19,2019," 1,362,727 ",Furniture & Fixture
114,Locker Karyawan - 5 Doors Single Column- 9CPF,500115,9CPF,,48,4,11-Oct-19,2019," 1,362,727 ",Furniture & Fixture
115,Locker Karyawan - 5 Doors Single Column- 9CPF,500116,9CPF,,48,4,11-Oct-19,2019," 1,362,727 ",Furniture & Fixture
116,Locker Karyawan - 5 Doors Single Column- 9CPF,500117,9CPF,,48,4,11-Oct-19,2019," 1,362,727 ",Furniture & Fixture
117,Locker Karyawan - 5 Doors Single Column- 9CPF,500118,9CPF,,48,4,11-Oct-19,2019," 1,362,727 ",Furniture & Fixture
118,Locker Karyawan - 5 Doors Single Column- 9CPF,500119,9CPF,,48,4,11-Oct-19,2019," 1,362,727 ",Furniture & Fixture
119,Locker Karyawan - 5 Doors Single Column- 9CPF,500120,9CPF,,48,4,11-Oct-19,2019," 1,362,727 ",Furniture & Fixture
120,Locker Karyawan - 5 Doors Single Column- 9CPF,500121,9CPF,,48,4,11-Oct-19,2019," 1,362,727 ",Furniture & Fixture
121,Locker Karyawan - 5 Doors Single Column- 9CPF,500122,9CPF,,48,4,11-Oct-19,2019," 1,362,727 ",Furniture & Fixture
122,"Meja Office Top Table Multipleks fin. HPL, Kaki Besi fin. Cat Putih- 9CPF",500123,9CPF,,48,4,28-Jan-20,2020," 2,050,000 ",Furniture & Fixture
123,"Meja Office Top Table Multipleks fin. HPL, Kaki Besi fin. Cat Putih- 9CPF",500124,9CPF,,48,4,28-Jan-20,2020," 2,050,000 ",Furniture & Fixture
124,"Meja Office Top Table Multipleks fin. HPL, Kaki Besi fin. Cat Putih- 9CPF",500125,9CPF,,48,4,28-Jan-20,2020," 2,050,000 ",Furniture & Fixture
125,"Meja Office Top Table Multipleks fin. HPL, Kaki Besi fin. Cat Putih- 9CPF",500126,9CPF,,48,4,28-Jan-20,2020," 2,050,000 ",Furniture & Fixture
126,Meja Filtering - 9CPF,500127,9CPF,,48,4,28-Jan-20,2020," 2,550,000 ",Furniture & Fixture
127,Meja Timbang - 9CPF,500128,9CPF,,48,4,28-Jan-20,2020," 2,700,000 ",Furniture & Fixture
128,GEA - Working Table WK-180 - 9CPF,500129,9CPF,,48,4,09-Jun-21,2021," 2,812,500 ",Furniture & Fixture
129,GEA - Working Table WK-180 - 9CPF,500130,9CPF,,48,4,09-Jun-21,2021," 2,812,500 ",Furniture & Fixture
130,GEA - Storage Rack SR-180 - 9CPF,500131,9CPF,,48,4,09-Jun-21,2021," 3,150,000 ",Furniture & Fixture
131,GEA - Working Table WK-180 - 9CPF,500132,9CPF,,48,4,09-Jun-21,2021," 2,812,500 ",Furniture & Fixture
132,GEA - Working Table WK-180 - 9CPF,500133,9CPF,,48,4,09-Jun-21,2021," 2,812,500 ",Furniture & Fixture
133,GEA - Working Table WK-180 - 9CPF,500134,9CPF,,48,4,09-Jun-21,2021," 2,812,500 ",Furniture & Fixture
134,GEA - Working Table WK-180 - 9CPF,500135,9CPF,,48,4,09-Jun-21,2021," 2,812,500 ",Furniture & Fixture
135,GEA - Storage Rack SR-180 - 9CPF,500136,9CPF,,48,4,09-Jun-21,2021," 3,150,000 ",Furniture & Fixture
136,VINOTI - Working Chair Mesh black - 9QAC,500137,9QAC,,48,4,15-Sep-21,2021," 1,395,000 ",Furniture & Fixture
137,VINOTI - Working Chair Mesh black - 9QAC,500138,9QAC,,48,4,15-Sep-21,2021," 1,395,000 ",Furniture & Fixture
138,VINOTI - Working Chair Mesh black - 9QAC,500139,9QAC,,48,4,15-Sep-21,2021," 1,395,000 ",Furniture & Fixture
139,VINOTI - Working Chair Mesh black - 9QAC,500140,9QAC,,48,4,15-Sep-21,2021," 1,395,000 ",Furniture & Fixture
140,Mobile Pedestal - Drawer - 9QAC,500141,9QAC,,48,4,15-Sep-21,2021," 1,477,500 ",Furniture & Fixture
141,Mobile Pedestal - Drawer - 9QAC,500142,9QAC,,48,4,15-Sep-21,2021," 1,477,500 ",Furniture & Fixture
142,Mobile Pedestal - Drawer - 9QAC,500143,9QAC,,48,4,15-Sep-21,2021," 1,477,500 ",Furniture & Fixture
143,Mobile Pedestal - Drawer - 9QAC,500144,9QAC,,48,4,15-Sep-21,2021," 1,477,500 ",Furniture & Fixture
144,"Meja Kerja 1,40x0,70x0,75 - 9QAC",500145,9QAC,,48,4,18-Oct-21,2021," 2,400,000 ",Furniture & Fixture
145,"Meja Kerja 1,40x0,70x0,75 - 9QAC",500146,9QAC,,48,4,18-Oct-21,2021," 2,400,000 ",Furniture & Fixture
146,"Meja Kerja 1,40x0,70x0,75 - 9QAC",500147,9QAC,,48,4,18-Oct-21,2021," 2,400,000 ",Furniture & Fixture
147,"Meja Kerja 1,40x0,70x0,75 - 9QAC",500148,9QAC,,48,4,18-Oct-21,2021," 2,400,000 ",Furniture & Fixture
148,GETRA CDC-01 Knife Disinfection Cabinet - 9CPF,500149,9CPF,,48,4,18-Jan-22,2021," 2,625,000 ",Furniture & Fixture
149,GETRA RCS-01 S/S Sorting Table - 9CPF,500150,9CPF,,48,4,18-Jan-22,2021," 862,500 ",Furniture & Fixture
150,GETRA RCS-01 S/S Sorting Table - 9CPF,500151,9CPF,,48,4,18-Jan-22,2021," 862,500 ",Furniture & Fixture
151,GETRA RCS-01 S/S Sorting Table - 9CPF,500152,9CPF,,48,4,18-Jan-22,2021," 862,500 ",Furniture & Fixture
152,Drawer Employee (392x555x625) - 9CPF,500153,9CPF,,48,4,24-Jan-22,2021," 1,560,000 ",Furniture & Fixture
153,Drawer Employee (392x555x625) - 9CPF,500154,9CPF,,48,4,24-Jan-22,2021," 1,560,000 ",Furniture & Fixture
154,Drawer Employee (392x555x625) - 9CPF,500155,9CPF,,48,4,24-Jan-22,2021," 1,560,000 ",Furniture & Fixture
155,Drawer Employee (392x555x625) - 9CPF,500156,9CPF,,48,4,24-Jan-22,2021," 1,560,000 ",Furniture & Fixture
156,Drawer Employee (392x555x625) - 9CPF,500157,9CPF,,48,4,24-Jan-22,2021," 1,560,000 ",Furniture & Fixture
157,Drawer Employee (392x555x625) - 9CPF,500158,9CPF,,48,4,24-Jan-22,2021," 1,560,000 ",Furniture & Fixture
158,Drawer Employee (392x555x625) - 9CPF,500159,9CPF,,48,4,24-Jan-22,2021," 1,560,000 ",Furniture & Fixture
159,Drawer Employee (392x555x625) - 9CPF,500160,9CPF,,48,4,24-Jan-22,2021," 1,560,000 ",Furniture & Fixture
160,Drawer Employee (392x555x625) - 9CPF,500161,9CPF,,48,4,24-Jan-22,2021," 1,560,000 ",Furniture & Fixture
161,Drawer Employee (392x555x625) - 9CPF,500162,9CPF,,48,4,24-Jan-22,2021," 1,560,000 ",Furniture & Fixture
162,Drawer Employee (392x555x625) - 9CPF,500163,9CPF,,48,4,24-Jan-22,2021," 1,560,000 ",Furniture & Fixture
163,Drawer Employee (392x555x625) - 9CPF,500164,9CPF,,48,4,24-Jan-22,2021," 1,560,000 ",Furniture & Fixture
164,Vinoti Import Chair Type YMESH - 9CPF,500165,9CPF,,48,4,24-Jan-22,2021," 1,395,000 ",Furniture & Fixture
165,Vinoti Import Chair Type YMESH - 9CPF,500166,9CPF,,48,4,24-Jan-22,2021," 1,395,000 ",Furniture & Fixture
166,Vinoti Import Chair Type YMESH - 9CPF,500167,9CPF,,48,4,24-Jan-22,2021," 1,395,000 ",Furniture & Fixture
167,Vinoti Import Chair Type YMESH - 9CPF,500168,9CPF,,48,4,24-Jan-22,2021," 1,395,000 ",Furniture & Fixture
168,Vinoti Import Chair Type YMESH - 9CPF,500169,9CPF,,48,4,24-Jan-22,2021," 1,395,000 ",Furniture & Fixture
169,Vinoti Import Chair Type YMESH - 9CPF,500170,9CPF,,48,4,24-Jan-22,2021," 1,395,000 ",Furniture & Fixture
170,Vinoti Import Chair Type YMESH - 9CPF,500171,9CPF,,48,4,24-Jan-22,2021," 1,395,000 ",Furniture & Fixture
171,Vinoti Import Chair Type YMESH - 9CPF,500172,9CPF,,48,4,24-Jan-22,2021," 1,395,000 ",Furniture & Fixture
172,Vinoti Import Chair Type YMESH - 9CPF,500173,9CPF,,48,4,24-Jan-22,2021," 1,395,000 ",Furniture & Fixture
173,Vinoti Import Chair Type YMESH - 9CPF,500174,9CPF,,48,4,24-Jan-22,2021," 1,395,000 ",Furniture & Fixture
174,Vinoti Import Chair Type YMESH - 9CPF,500175,9CPF,,48,4,24-Jan-22,2021," 1,395,000 ",Furniture & Fixture
175,Vinoti Import Chair Type YMESH - 9CPF,500176,9CPF,,48,4,24-Jan-22,2021," 1,395,000 ",Furniture & Fixture
176,Vinoti Import Chair Type YMESH - 9CPF,500177,9CPF,,48,4,24-Jan-22,2021," 1,395,000 ",Furniture & Fixture
177,Vinoti Import Chair Type YMESH - 9CPF,500178,9CPF,,48,4,24-Jan-22,2021," 1,395,000 ",Furniture & Fixture
178,Vinoti Import Chair Type YMESH - 9CPF,500179,9CPF,,48,4,24-Jan-22,2021," 1,395,000 ",Furniture & Fixture
179,Vinoti Import Chair Type YMESH - 9CPF,500180,9CPF,,48,4,24-Jan-22,2021," 1,395,000 ",Furniture & Fixture
180,Vinoti Import Chair Type YMESH - 9CPF,500181,9CPF,,48,4,24-Jan-22,2021," 1,395,000 ",Furniture & Fixture
181,Vinoti Import Chair Type YMESH - 9CPF,500182,9CPF,,48,4,24-Jan-22,2021," 1,395,000 ",Furniture & Fixture
182,Meja Tulis Stainless Steel #1- 9CPF,500183,9CPF,,48,4,17-Feb-22,2022," 4,500,000 ",Furniture & Fixture
183,Meja Tulis Stainless Steel #2- 9CPF,500184,9CPF,,48,4,17-Feb-22,2022," 4,500,000 ",Furniture & Fixture
184,Meja Tulis Stainless Steel #3- 9CPF,500185,9CPF,,48,4,17-Feb-22,2022," 4,500,000 ",Furniture & Fixture
185,Meja Tulis Stainless Steel #4- 9CPF,500186,9CPF,,48,4,17-Feb-22,2022," 4,500,000 ",Furniture & Fixture
186,Rak Sepatu Stainless Steel - 9CPF,500187,9CPF,,48,4,17-Feb-22,2022," 14,500,000 ",Furniture & Fixture
187,Locker Karyawan - 15 DOORS MULTI COLUMN GOLD YELLOW - 9CPF,500188,9CPF,,48,4,04-Mar-22,2022," 4,499,000 ",Furniture & Fixture
188,Locker Karyawan - 15 DOORS MULTI COLUMN GOLD YELLOW - 9CPF,500189,9CPF,,48,4,04-Mar-22,2022," 4,499,000 ",Furniture & Fixture
189,Vinoti Import Chair Type YMESH - 9CPF,500190,9CPF,,48,4,18-Aug-22,2022," 1,568,000 ",Furniture & Fixture
190,Vinoti Import Chair Type YMESH - 9CPF,500191,9CPF,,48,4,18-Aug-22,2022," 1,568,000 ",Furniture & Fixture
191,Vinoti Import Chair Type YMESH - 9CPF,500192,9CPF,,48,4,18-Aug-22,2022," 1,568,000 ",Furniture & Fixture
192,Vinoti Import Chair Type YMESH - 9CPF,500193,9CPF,,48,4,18-Aug-22,2022," 1,568,000 ",Furniture & Fixture
193,Vinoti Import Chair Type YMESH - 9CPF,500194,9CPF,,48,4,18-Aug-22,2022," 1,568,000 ",Furniture & Fixture
194,Drawer Employee (390x520x600) - 9CPF,500195,9CPF,,48,4,18-Aug-22,2022," 1,540,000 ",Furniture & Fixture
195,Drawer Employee (390x520x600) - 9CPF,500196,9CPF,,48,4,18-Aug-22,2022," 1,540,000 ",Furniture & Fixture
196,Drawer Employee (390x520x600) - 9CPF,500197,9CPF,,48,4,18-Aug-22,2022," 1,540,000 ",Furniture & Fixture
197,Drawer Employee (390x520x600) - 9CPF,500198,9CPF,,48,4,18-Aug-22,2022," 1,540,000 ",Furniture & Fixture
198,Drawer Employee (390x520x600) - 9CPF,500199,9CPF,,48,4,18-Aug-22,2022," 1,540,000 ",Furniture & Fixture
199,Drawer Employee (390x520x600) - 9CPF,500200,9CPF,,48,4,18-Aug-22,2022," 1,540,000 ",Furniture & Fixture
200,"Cabinet Rack D 5,10x3,00 - 9CPF",500216,9CPF,,48,4,30-Sep-22,2022," 42,545,000 ",Furniture & Fixture
201,"Cabinet Rack Loker 5,30x1,70 - 9CPF",500217,9CPF,,48,4,30-Sep-22,2022," 26,327,000 ",Furniture & Fixture
202,"Cabinet Rack 2,40x1,00 - 9CPF",500218,9CPF,,48,4,30-Sep-22,2022," 6,140,000 ",Furniture & Fixture
203,"Cabinet Rack 5,70x1,00 - 9CPF",500219,9CPF,,48,4,30-Sep-22,2022," 13,895,000 ",Furniture & Fixture
204,Meja Kerja 1400 x 700mm - 9CPF,500220,9CPF,,48,4,30-Sep-22,2022," 2,150,000 ",Furniture & Fixture
205,Meja Kerja 1400 x 700mm - 9CPF,500221,9CPF,,48,4,30-Sep-22,2022," 2,150,000 ",Furniture & Fixture
206,Meja Kerja 1400 x 700mm - 9CPF,500222,9CPF,,48,4,30-Sep-22,2022," 2,150,000 ",Furniture & Fixture
207,Meja Kerja 1400 x 700mm - 9CPF,500223,9CPF,,48,4,30-Sep-22,2022," 2,150,000 ",Furniture & Fixture
208,Meja Kerja 1400 x 700mm - 9CPF,500224,9CPF,,48,4,30-Sep-22,2022," 2,150,000 ",Furniture & Fixture
209,Meja Kerja 1400 x 700mm - 9CPF,500225,9CPF,,48,4,30-Sep-22,2022," 2,150,000 ",Furniture & Fixture
210,Meja Kerja 1400 x 700mm - 9CPF,500226,9CPF,,48,4,30-Sep-22,2022," 2,150,000 ",Furniture & Fixture
211,Meja Kerja 1400 x 700mm - 9CPF,500227,9CPF,,48,4,30-Sep-22,2022," 2,150,000 ",Furniture & Fixture
212,Meja Kerja 1400 x 700mm - 9CPF,500228,9CPF,,48,4,30-Sep-22,2022," 2,150,000 ",Furniture & Fixture
213,Meja Kerja 1400 x 700mm - 9CPF,500229,9CPF,,48,4,30-Sep-22,2022," 2,150,000 ",Furniture & Fixture
214,Meja Kerja 1400 x 700mm - 9CPF,500230,9CPF,,48,4,30-Sep-22,2022," 2,150,000 ",Furniture & Fixture
215,Meja Kerja 1400 x 700mm - 9CPF,500231,9CPF,,48,4,30-Sep-22,2022," 2,150,000 ",Furniture & Fixture
216,Meja Kerja 1400 x 700mm - 9CPF,500232,9CPF,,48,4,30-Sep-22,2022," 2,150,000 ",Furniture & Fixture
217,Meja Kerja 1400 x 700mm - 9CPF,500233,9CPF,,48,4,30-Sep-22,2022," 2,150,000 ",Furniture & Fixture
218,Vinoti Import Chair Type YMESH - 9CPF,500201,9CPF,,48,4,18-Oct-22,2022," 1,463,000 ",Furniture & Fixture
219,Vinoti Import Chair Type YMESH - 9CPF,500202,9CPF,,48,4,18-Oct-22,2022," 1,463,000 ",Furniture & Fixture
220,Vinoti Import Chair Type YMESH - 9CPF,500203,9CPF,,48,4,18-Oct-22,2022," 1,463,000 ",Furniture & Fixture
221,Vinoti Import Chair Type YMESH - 9CPF,500204,9CPF,,48,4,18-Oct-22,2022," 1,463,000 ",Furniture & Fixture
222,Vinoti Import Chair Type YMESH - 9CPF,500205,9CPF,,48,4,18-Oct-22,2022," 1,463,000 ",Furniture & Fixture
223,Vinoti Import Chair Type YMESH - 9CPF,500206,9CPF,,48,4,18-Oct-22,2022," 1,463,000 ",Furniture & Fixture
224,Vinoti Import Chair Type YMESH - 9CPF,500207,9CPF,,48,4,18-Oct-22,2022," 1,463,000 ",Furniture & Fixture
225,Vinoti Import Chair Type YMESH - 9CPF,500208,9CPF,,48,4,18-Oct-22,2022," 1,463,000 ",Furniture & Fixture
226,Vinoti Import Chair Type YMESH - 9CPF,500209,9CPF,,48,4,18-Oct-22,2022," 1,463,000 ",Furniture & Fixture
227,Vinoti Import Chair Type YMESH - 9CPF,500210,9CPF,,48,4,18-Oct-22,2022," 1,463,000 ",Furniture & Fixture
228,Vinoti Import Chair Type YMESH - 9CPF,500211,9CPF,,48,4,18-Oct-22,2022," 1,463,000 ",Furniture & Fixture
229,Vinoti Import Chair Type YMESH - 9CPF,500212,9CPF,,48,4,18-Oct-22,2022," 1,463,000 ",Furniture & Fixture
230,Vinoti Import Chair Type YMESH - 9CPF,500213,9CPF,,48,4,18-Oct-22,2022," 1,463,000 ",Furniture & Fixture
231,Vinoti Import Chair Type YMESH - 9CPF,500214,9CPF,,48,4,18-Oct-22,2022," 1,463,000 ",Furniture & Fixture
232,Meja Kerja 1400 x 750mm (Meeting Table) - 9CPF,500234,9CPF,,48,4,28-Nov-22,2022," 2,950,000 ",Furniture & Fixture
233,Meja Kerja 1400 x 750mm (Meeting Table) - 9CPF,500235,9CPF,,48,4,28-Nov-22,2022," 2,950,000 ",Furniture & Fixture
234,Meja Kerja 1400 x 750mm (Meeting Table) - 9CPF,500236,9CPF,,48,4,28-Nov-22,2022," 2,950,000 ",Furniture & Fixture
235,Meja Kerja 1400 x 750mm (Meeting Table) - 9CPF,500237,9CPF,,48,4,28-Nov-22,2022," 2,950,000 ",Furniture & Fixture
236,Meja Kerja 1400 x 750mm (Meeting Table) - 9CPF,500238,9CPF,,48,4,28-Nov-22,2022," 2,950,000 ",Furniture & Fixture
237,Meja Kerja 1400 x 750mm (Meeting Table) - 9CPF,500239,9CPF,,48,4,28-Nov-22,2022," 2,950,000 ",Furniture & Fixture
238,Meja Kerja 1400 x 750mm (Meeting Table) - 9CPF,500240,9CPF,,48,4,28-Nov-22,2022," 2,950,000 ",Furniture & Fixture
239,Meja Kerja 1400 x 750mm (Meeting Table) - 9CPF,500241,9CPF,,48,4,28-Nov-22,2022," 2,950,000 ",Furniture & Fixture
240,GETRA - Sorting Table ST-120 - 9CPF,500242,9CPF,,48,4,23-Nov-22,2022," 2,409,000 ",Furniture & Fixture
241,Bubble washing machine CPF,300198,9CPF,3,48,4,30-Jun-18,2018," 67,811,838 ",Equipment
242,Insulation panel chiller Room RM&FG - CPF,300200,9CPF,1,48,4,30-Jun-18,2018," 34,495,620 ",Equipment
243,Mesin chiller room Rm&FG - CPF,300201,9CPF,2,48,4,30-Jun-18,2018," 24,274,689 ",Equipment
244,MS Belt conveyor (for transfer raw material) - CPF,300030,9CPF,1,48,4,30-Jun-18,2018," 45,283,345 ",Equipment
245,MS Belt conveyor (for waste) - CPF,300031,9CPF,1,48,4,30-Jun-18,2018," 44,330,000 ",Equipment
246,MS Belt conveyor (extension 1000mm) - CPF,300032,9CPF,1,48,4,30-Jun-18,2018," 14,300,000 ",Equipment
247,Water tank collecting double jacket (200lt) #1 - CPF,300036,9CPF,1,48,4,30-Jun-18,2018," 19,598,308 ",Equipment
248,Thinkclient T510 #1 - CPF,300055,9CPF,4,48,4,30-Jun-18,2018," 1,251,250 ",Equipment
249,Thinkclient T510 #3 - CPF,300057,9CPF,2,48,4,30-Jun-18,2018," 1,251,250 ",Equipment
250,Compressor GXE7P A 10 ml 400 50 MK5 TM + FX5 (A4)  A CE 230V1PH50 - CPF1,300058,9CPF,2,48,4,30-Jun-18,2018," 39,526,673 ",Equipment
251,Filter DD35 + (NPT 1/2) #1 - CPF1,300059,9CPF,2,48,4,30-Jun-18,2018," 2,245,827 ",Equipment
252,Filter DD35 + (NPT 1/2) #2 - CPF1,300060,9CPF,1,48,4,30-Jun-18,2018," 2,245,827 ",Equipment
253,AC 1pk Panasonic Type Standart #1 - CPF,300091,9CPF,1,48,4,30-Jun-18,2018," 1,093,744 ",Equipment
254,AC 1pk Panasonic Type Standart #2 - CPF,300092,9CPF,1,48,4,30-Jun-18,2018," 1,093,744 ",Equipment
255,AC 1pk Panasonic Type Standart #3 - CPF,300093,9CPF,,48,4,30-Jun-18,2018," 1,093,744 ",Equipment
256,AC 1pk Panasonic Type Standart #4 - CPF,300094,9CPF,1,48,4,30-Jun-18,2018," 1,093,744 ",Equipment
257,"AC 1,5pk Panasonic Type Standart #1 - CPF",300095,9CPF,1,48,4,30-Jun-18,2018," 1,468,744 ",Equipment
258,"AC 1,5pk Panasonic Type Standart #2 - CPF",300096,9CPF,1,48,4,30-Jun-18,2018," 1,468,744 ",Equipment
259,"AC 1,5pk Panasonic Type Standart #3 - CPF",300097,9CPF,2,48,4,30-Jun-18,2018," 1,468,744 ",Equipment
260,AC 2pk Panasonic Type Standart #1 - CPF,300098,9CPF,2,48,4,30-Jun-18,2018," 1,859,381 ",Equipment
261,AC 2pk Panasonic Type Standart #2 - CPF,300099,9CPF,1,48,4,30-Jun-18,2018," 1,859,381 ",Equipment
262,AC 2pk Panasonic Type Standart #3 - CPF,300100,9CPF,1,48,4,30-Jun-18,2018," 1,859,381 ",Equipment
263,AC 2pk Panasonic Type Standart #4 - CPF,300101,9CPF,5,48,4,30-Jun-18,2018," 1,859,381 ",Equipment
264,Printer HP DJ 1510 - CPF,300102,9CPF,1,48,4,30-Jun-18,2018," 228,930 ",Equipment
265,Magna.Plate 44-2 35 LB./Pail - CPF1,300119,9CPF,1,48,4,30-Jun-18,2018," 1,224,666 ",Equipment
266,Magna.Plate 60 5 Gal.I Pail - CPF1,300120,9CPF,1,48,4,30-Jun-18,2018," 547,800 ",Equipment
267,White board gantung uk 120x180cm #1 - CPF1,300121,9CPF,1,48,4,30-Jun-18,2018," 417,660 ",Equipment
268,White board gantung uk 120x180cm #2 - CPF1,300122,9CPF,1,48,4,30-Jun-18,2018," 417,660 ",Equipment
269,AC 1 PK Panasonic Type Standard #5 - CPF1,300123,9CPF,1,48,4,30-Jun-18,2018," 2,543,740 ",Equipment
270,AC 1 PK Panasonic Type Standard #6 - CPF1,300124,9CPF,1,48,4,30-Jun-18,2018," 2,543,740 ",Equipment
271,Digital Chlorine Tester AMT06 - CPF1,300125,9CPF,1,48,4,30-Jun-18,2018," 1,700,000 ",Equipment
272,Angel juicer extractor Angelia 7500 - CPF,300204,9CPF,10,48,4,30-Jun-18,2018," 55,409,620 ",Equipment
273,Magnetic Door 3 set - CPF1,300136,9CPF,1,48,4,30-Jun-18,2018," 1,306,250 ",Equipment
274,"Vitamix Bar Blender Interlock Capacity 5,6 Ltr , Model :VM00146.10185 (314x483x473mm) #1 - CPF1",300137,9CPF,1,48,4,30-Jun-18,2018," 20,164,384 ",Equipment
275,"Vitamix Bar Blender Interlock Capacity 5,6 Ltr , Model :VM00146.10185 (314x483x473mm) #2 - CPF1",300138,9CPF,1,48,4,30-Jun-18,2018," 20,164,384 ",Equipment
276,"Vitamix Bar Blender Interlock Capacity 5,6 Ltr , Model :VM00146.10185 (314x483x473mm) #3 - CPF1",300139,9CPF,1,48,4,30-Jun-18,2018," 20,164,384 ",Equipment
277,Jar Vitamix XL #1 - CPF1,300140,9CPF,1,48,4,30-Jun-18,2018," 2,536,183 ",Equipment
278,Jar Vitamix XL #2 - CPF1,300141,9CPF,1,48,4,30-Jun-18,2018," 2,536,183 ",Equipment
279,"Exhaust fan 220 v, 120x120x38 mm #1 - CPF1",300142,9CPF,1,48,4,30-Jun-18,2018," 135,440 ",Equipment
280,"Exhaust fan 220 v, 120x120x38 mm #2 - CPF1",300143,9CPF,1,48,4,30-Jun-18,2018," 135,440 ",Equipment
281,"Exhaust fan 220 v, 120x120x38 mm #3 - CPF1",300144,9CPF,1,48,4,30-Jun-18,2018," 135,440 ",Equipment
282,"Exhaust fan 220 v, 120x120x38 mm #4 - CPF1",300145,9CPF,1,48,4,30-Jun-18,2018," 135,440 ",Equipment
283,Printer HP type Laserjet P1102 - CPF,300150,9CPF,3,48,4,30-Jun-18,2018," 408,372 ",Equipment
284,Air Curtain Panasonic 90 FY ESN #1 - CPF,300151,9CPF,1,48,4,30-Jun-18,2018," 6,657,432 ",Equipment
285,Air Curtain Panasonic 90 FY ESN #2 - CPF,300152,9CPF,1,48,4,30-Jun-18,2018," 6,657,432 ",Equipment
286,Air Curtain Panasonic 90 FY ESN #3 - CPF,300158,9CPF,1,48,4,30-Jun-18,2018," 4,052,337 ",Equipment
287,Air Curtain Panasonic 120 FY ESN #1 - CPF,300159,9CPF,1,48,4,30-Jun-18,2018," 5,332,038 ",Equipment
288,Mesin Kupas Nanas,300174,9CPF,1,48,4,30-Jun-18,2018," 134,102,599 ",Equipment
289,Sinorie High Bay Light SCI-CP HB06-150 (150W) Food Grade - 9CPF,300184,9CPF,1,48,4,30-Jun-18,2018," 3,537,609 ",Equipment
290,Sinorie High Bay Light SCI-CP HB06-150 (150W) Food Grade - 9CPF,300185,9CPF,,48,4,30-Jun-18,2018," 3,537,609 ",Equipment
291,Sinorie High Bay Light SCI-CP HB06-150 (150W) Food Grade - 9CPF,300186,9CPF,1,48,4,30-Jun-18,2018," 3,537,609 ",Equipment
292,Sinorie High Bay Light SCI-CP HB06-150 (150W) Food Grade - 9CPF,300187,9CPF,1,48,4,30-Jun-18,2018," 3,537,609 ",Equipment
293,Sinorie High Bay Light SCI-CP HB06-150 (150W) Food Grade - 9CPF,300188,9CPF,1,48,4,30-Jun-18,2018," 3,537,609 ",Equipment
294,"Vitamix Bar Blender Interlock Capacity 5,6 Ltr , Model :VM 0146 - 9CPF",300192,9CPF,1,48,4,30-Jun-18,2018," 37,448,128 ",Equipment
295,"Vitamix Bar Blender Interlock Capacity 5,6 Ltr , Model :VM 0146 - 9CPF",300193,9CPF,1,48,4,30-Jun-18,2018," 37,448,128 ",Equipment
296,Sinorie High Bay Light SCI-CP HB06-150 (150W) Food Grade - 9CPF,300196,9CPF,1,48,4,30-Jun-18,2018," 3,920,053 ",Equipment
297,Sinorie High Bay Light SCI-CP HB06-150 (150W) Food Grade - 9CPF,300197,9CPF,1,48,4,30-Jun-18,2018," 3,920,053 ",Equipment
298,Laptop acer corporate lightweight TMP645 i5 - CPF,300035,9CPF,1,48,4,30-Jun-18,2018," 3,492,488 ",Equipment
299,"AC SPLIT 2,5PK DAIKIN STANDART THAILAND R32 - 9CPF",300280,9CPF,1,48,4,1-Dec-18,2018," 7,994,250 ",Equipment
300,"AC SPLIT 2,5PK DAIKIN STANDART THAILAND R32 - 9CPF",300281,9CPF,,48,4,1-Dec-18,2018," 7,994,250 ",Equipment
301,SAP B1 Sentral - Installation by Soltius,300009,9FNA,1,48,4,31-Dec-17,2017," 83,490,000 ",Equipment
302,X-6 HYD Power Unit Assy - 01 - 9CPF,300013,9CPF,3,48,4,5-Jul-18,2018," 21,477,757 ",Equipment
303,X-6 HYD Power Unit Assy - 02 - 9CPF,300014,9CPF,3,48,4,5-Jul-18,2018," 21,477,757 ",Equipment
304,HYD Power Unit without Motor-X-1 - 9CPF,300015,9CPF,3,48,4,5-Jul-18,2018," 14,255,708 ",Equipment
305,GEA QX-608 Brush Roller Root Fruit Washer - 9CPF,300016,9CPF,3,48,4,19-Jul-18,2018," 42,375,000 ",Equipment
306,Dewatering machine CPF,300199,9CPF,1,48,4,30-Jun-18,2018," 18,570,089 ",Equipment
307,Juice bucket 3 gallon w/ spout - CPF,300202,9CPF,1,48,4,30-Jun-18,2018," 217,901 ",Equipment
308,Gallon bucket - CPF,300203,9CPF,1,48,4,30-Jun-18,2018," 532,646 ",Equipment
309,Preassembly cylinder & valve - CPF,300033,9CPF,1,48,4,30-Jun-18,2018," 5,017,250 ",Equipment
310,Water tank collecting double jacket (200lt) #2- CPF,300037,9CPF,1,48,4,30-Jun-18,2018," 19,598,308 ",Equipment
311,Water tank collecting double jacket (200lt) #3- CPF,300038,9CPF,1,48,4,30-Jun-18,2018," 19,598,308 ",Equipment
312,Ice Cube Machine Brand : MANITOWOC capacity : up to 200kg/day -CPF,300039,9CPF,5,48,4,30-Jun-18,2018," 15,000,000 ",Equipment
313,2391 ATAGO Master Palpha (plastic) #1 - CPF,300040,9CPF,5,48,4,30-Jun-18,2018," 562,870 ",Equipment
314,2313 Atago master #2 - CPF,300041,9CPF,12,48,4,30-Jun-18,2018," 435,234 ",Equipment
315,3810 Atago Pal1 - CPF,300042,9CPF,1,48,4,30-Jun-18,2018," 981,750 ",Equipment
316,Memert Universal Oven UN 30 cap 32 liter - CPF,300043,9CPF,1,48,4,30-Jun-18,2018," 4,854,214 ",Equipment
317,Memmert incubator IN 30 cap 32 liter - CPF,300044,9CPF,1,48,4,30-Jun-18,2018," 5,181,464 ",Equipment
318,91000-027/B Alla france Thermo Hygro  #1 -  CPF,300045,9CPF,3,48,4,30-Jun-18,2018," 144,534 ",Equipment
319,91000-027/B Alla france Thermo Hygro  #2 -  CPF,300046,9CPF,3,48,4,30-Jun-18,2018," 144,534 ",Equipment
320,91000-027/B Alla france Thermo Hygro  #3 -  CPF,300047,9CPF,1,48,4,30-Jun-18,2018," 144,534 ",Equipment
321,Mesin Juicer X-1 CPF (1),300048,9CPF,1,48,4,30-Jun-18,2018," 91,135,948 ",Equipment
322,Mesin Juicer X-6 CPF ,300049,9CPF,2,48,4,30-Jun-18,2018," 181,269,613 ",Equipment
323,Mesin Juicer X-1 CPF (2),300050,9CPF,1,48,4,30-Jun-18,2018," 235,706,660 ",Equipment
324,Mikrotik Router - CPF (2),300051,9CPF,1,48,4,30-Jun-18,2018," 770,000 ",Equipment
325,Monitor LG #1 - CPF,300052,9CPF,1,48,4,30-Jun-18,2018," 445,500 ",Equipment
326,Monitor LG #2 - CPF,300053,9CPF,1,48,4,30-Jun-18,2018," 445,500 ",Equipment
327,Monitor LG #3 - CPF,300054,9CPF,2,48,4,30-Jun-18,2018," 445,500 ",Equipment
328,Thinkclient T510 #2 - CPF,300056,9CPF,1,48,4,30-Jun-18,2018," 1,251,250 ",Equipment
329,"Digital Portable Balance, Yamaha ex Taiwan, Model: YA 30K, 29x27cm - CPF",300061,9CPF,1,48,4,30-Jun-18,2018," 528,010 ",Equipment
330,Thermo 1384 - G 1300 Biological Safety Cabinet class II A2 1.2 m / 4 feet - CPF,300062,9CPF,1,48,4,30-Jun-18,2018," 83,600,000 ",Equipment
331,HVE 50 Autoclave Hirayama 540w x 1040h x 530d mm - CPF,300063,9CPF,1,48,4,30-Jun-18,2018," 42,826,661 ",Equipment
332,"88880018 Thermo LP Vortex Mixer, Touch Continous, Variable Speed control  AC 100-240v - CPF1",300064,9CPF,1,48,4,30-Jun-18,2018," 3,244,610 ",Equipment
333,FI 4652080 Finnpipette F2 fix Vol.1ml Autoclavable + QSP nT112XLRL-Q Pipette Tip 1 ML - CPF1,300065,9CPF,2,48,4,30-Jun-18,2018," 1,948,090 ",Equipment
334,7000190 Rapidcheck select salmonela food system - 2 x 50tests w/ media (1) - CPF,300066,9CPF,4,48,4,30-Jun-18,2018," 5,815,630 ",Equipment
335,7000190 Rapidcheck select salmonela food system - 2 x 50tests w/ media (2) - CPF,300067,9CPF,2,48,4,30-Jun-18,2018," 5,815,630 ",Equipment
336,7000190 Rapidcheck select salmonela food system - 2 x 50tests w/ media (3) - CPF,300068,9CPF,1,48,4,30-Jun-18,2018," 5,815,630 ",Equipment
337,LP 11598 Cultiplast swab - CPF1,300069,9CPF,1,48,4,30-Jun-18,2018," 1,210,010 ",Equipment
338,"Chiller cabinet (MGUR-60), dimensi : 60x74x195.5 V : 425 L - CPF1",300070,9CPF,1,48,4,30-Jun-18,2018," 4,989,357 ",Equipment
339,Bottle dispense cap 1-10 ml - CPF1,300071,9CPF,1,48,4,30-Jun-18,2018," 1,835,625 ",Equipment
340,"Meja Zink single bowl #1, size: 1550x600x900 mm - CPF1",300072,9CPF,1,48,4,30-Jun-18,2018," 7,011,212 ",Equipment
341,"Meja Zink single bowl #2, size: 1550x600x900 mm - CPF1",300073,9CPF,1,48,4,30-Jun-18,2018," 7,011,212 ",Equipment
342,"Meja single sink, size 600x600x900mm - CPF1",300074,9CPF,1,48,4,30-Jun-18,2018," 3,519,147 ",Equipment
343,"Meja preparation (polos tanpa bowl), size 1200x600x900mm - CPF",300075,9CPF,1,48,4,30-Jun-18,2018," 4,764,375 ",Equipment
344,"Meja Zink single bowl (ruang juicer), size: 1200x600x900 mm - CPF1",300076,9CPF,2,48,4,30-Jun-18,2018," 7,011,212 ",Equipment
345,"Meja preparation, size 1850x600x900mm - CPF1",300077,9CPF,2,48,4,30-Jun-18,2018," 6,361,516 ",Equipment
346,"Meja preparation polos #1, size 1800x600x900mm - CPF",300078,9CPF,1,48,4,30-Jun-18,2018," 6,226,174 ",Equipment
347,"Meja preparation polos #2, size 1800x600x900mm - CPF",300079,9CPF,1,48,4,30-Jun-18,2018," 6,226,174 ",Equipment
348,"Meja Zink 3 bowl +prerinse+1 kran, size 2200x600x900mm - CPF",300080,9CPF,2,48,4,30-Jun-18,2018," 7,985,739 ",Equipment
349,Data logger EBI 300 #1 - CPF,300081,9CPF,4,48,4,30-Jun-18,2018," 783,065 ",Equipment
350,Data logger EBI 300 #2 - CPF,300082,9CPF,1,48,4,30-Jun-18,2018," 783,065 ",Equipment
351,Data logger EBI 300 #3 - CPF,300083,9CPF,1,48,4,30-Jun-18,2018," 783,065 ",Equipment
352,Filling Cabinet Low White - CPF,300084,9CPF,1,48,4,30-Jun-18,2018," 462,780 ",Equipment
353,Filling Cabinet High White - CPF,300085,9CPF,1,48,4,30-Jun-18,2018," 712,207 ",Equipment
354,Filling Cabinet High White - CPF #2,300086,9CPF,1,48,4,30-Jun-18,2018," 712,207 ",Equipment
355,Infrared Termometer - CPF1,300087,9CPF,1,48,4,30-Jun-18,2018," 110,000 ",Equipment
356,Automatic Tritator + pH Meter - CPF1,300088,9CPF,1,48,4,30-Jun-18,2018," 22,000,000 ",Equipment
357,Angel 20k #1 - CPF1,300089,9CPF,1,48,4,30-Jun-18,2018," 78,678,131 ",Equipment
358,Angel 20k #2 - CPF1,300090,9CPF,1,48,4,30-Jun-18,2018," 78,678,131 ",Equipment
359,Panasonic telephone KX TS505MX #1 - CPF,300103,9CPF,1,48,4,30-Jun-18,2018," 19,934 ",Equipment
360,Panasonic telephone KX TS505MX #2 - CPF,300104,9CPF,1,48,4,30-Jun-18,2018," 19,934 ",Equipment
361,Printer Epson LX310 - CPF1,300105,9CPF,1,48,4,30-Jun-18,2018," 653,119 ",Equipment
362,"Timbangan digital hybrid type Alexa kap. 150kgx0,05kg - CPF",300106,9CPF,1,48,4,30-Jun-18,2018," 2,342,803 ",Equipment
363,"Timbangan digital hybrid type Alexa kap. 60kgx0,02kg #1 - CPF",300107,9CPF,1,48,4,30-Jun-18,2018," 1,510,610 ",Equipment
364,"Timbangan digital hybrid type Alexa kap. 60kgx0,02kg #2 - CPF",300108,9CPF,1,48,4,30-Jun-18,2018," 1,510,610 ",Equipment
365,Dust Bin 4 wheel green 660L (kode : KW1801043) #1 - CPF1,300109,9CPF,1,48,4,30-Jun-18,2018," 1,168,401 ",Equipment
366,Storage Industrial 4 Shelf 196x61x183 GRY (10009890) - CPF1,300110,9CPF,1,48,4,30-Jun-18,2018," 1,855,550 ",Equipment
367,"Trolley stainlesstanpa laci, uk : 60x43x80cm - CPF1",300111,9CPF,1,48,4,30-Jun-18,2018," 3,733,339 ",Equipment
368,"Trolley cabinet with swing door, uk : 100cmx70cm - CPF1",300112,9CPF,,48,4,30-Jun-18,2018," 5,866,661 ",Equipment
369,Dispenser Sharp SWD 72 EHL -BK-CPF1,300113,9CPF,1,48,4,30-Jun-18,2018," 1,718,740 ",Equipment
370,"Timbangan digital Hybrid Tpe Alexa kap. 150kg x 0,05 kg #2 - CPF1",300114,9CPF,,48,4,30-Jun-18,2018," 2,454,372 ",Equipment
371,Dust Bin 120 ltr with pedal Green (KW1801271) #1 - CPF1,300115,9CPF,1,48,4,30-Jun-18,2018," 286,875 ",Equipment
372,Dust Bin 120 ltr with pedal Green (KW1801271) #2 - CPF1,300116,9CPF,1,48,4,30-Jun-18,2018," 286,875 ",Equipment
373,Dust Bin 120 ltr with pedal Green (KW1801271) #3 - CPF1,300117,9CPF,1,48,4,30-Jun-18,2018," 286,875 ",Equipment
374,Dust Bin 120 ltr with pedal Green (KW1801271) #4 - CPF1,300118,9CPF,1,48,4,30-Jun-18,2018," 286,875 ",Equipment
375,"Meja Zink Bowl + Prerinse + 1 kran, size 1600x600x900 mm - CPF1",300126,9CPF,1,48,4,30-Jun-18,2018," 8,112,497 ",Equipment
376,"Meja preparation (polos tanpa bowl)+backspash #1 , size 2038x600x900mm - CPF1",300127,9CPF,1,48,4,30-Jun-18,2018," 6,874,998 ",Equipment
377,"Meja preparation (polos tanpa bowl)+backspash #2 , size 550x600x900mm - CPF1",300128,9CPF,1,48,4,30-Jun-18,2018," 4,069,995 ",Equipment
378,"Meja preparation (polos tanpa bowl)+backspash #3 , size 550x600x900mm -+ (caok)  CPF1",300129,9CPF,1,48,4,30-Jun-18,2018," 2,186,243 ",Equipment
379,Trolly 2 tingkat + roda 4 uk 900x600x900mm -CPF1,300130,9CPF,1,48,4,30-Jun-18,2018," 1,805,826 ",Equipment
380,CL-2000T Economical Compact Scales Capacity 200grx1grPan size 12cm Made in Ohaus - CPF,300131,9CPF,1,48,4,30-Jun-18,2018," 690,625 ",Equipment
381,Dust Bin 4 wheel green 660L (kode : KW1801043) #2 - CPF1,300132,9CPF,1,48,4,30-Jun-18,2018," 1,168,401 ",Equipment
382,Finger Print Solution X302-S #1 - CPF1,300133,9CPF,4,48,4,30-Jun-18,2018," 1,349,782 ",Equipment
383,Finger Print Solution X302-S #2 - CPF1,300134,9CPF,2,48,4,30-Jun-18,2018," 1,262,718 ",Equipment
384,Finger Print Solution X302-S #3 - CPF1,300135,9CPF,1,48,4,30-Jun-18,2018," 1,262,718 ",Equipment
385,Chest Freezer AB900 T x dimensi : 193x82x88cm - CPF1,300146,9CPF,1,48,4,30-Jun-18,2018," 6,010,176 ",Equipment
386,AC 1 PK Panasonic Type Standard - CPF1,300147,9CPF,1,48,4,30-Jun-18,2018," 2,442,718 ",Equipment
387,SCAFFOLD STEEL 4-LAYER HB4925-4 (212068) - CPF,300148,9CPF,,48,4,30-Jun-18,2018," 6,118,060 ",Equipment
388,HIGH PRESSURE CLEANER 100BAR 1300WATT (KW1800723) - CPF,300149,9CPF,3,48,4,30-Jun-18,2018," 734,950 ",Equipment
389,Chiller Cabinet MGUR-120 size :1200x740x1955 955 mm #1 - CPF,300153,9CPF,2,48,4,30-Jun-18,2018," 8,900,717 ",Equipment
390,Chiller Cabinet MGUR-120 size :1200x740x1955 955 mm #2 - CPF,300154,9CPF,4,48,4,30-Jun-18,2018," 8,900,717 ",Equipment
391,"Rak Gudang Medium Duty RR 36( 200 x 60 x 200 cm, 4 Level ) #1 - CPF",300155,9CPF,1,48,4,30-Jun-18,2018," 1,977,437 ",Equipment
392,"Rak Gudang Medium Duty RR 36( 200 x 60 x 200 cm, 4 Level ) #2 - CPF",300156,9CPF,,48,4,30-Jun-18,2018," 1,977,437 ",Equipment
393,"Rak Gudang Medium Duty AZ 250 ( 100 x 60 x 200 cm, 4 Level ) - CPF1",300157,9CPF,1,48,4,30-Jun-18,2018," 1,363,745 ",Equipment
394,"Sonic Type SGW-BS 7000SS 30x40 cm, Waterproof (Taiwan) #1 - CPF",300160,9CPF,1,48,4,30-Jun-18,2018," 1,027,432 ",Equipment
395,"Sonic Type SGW-BS 7000SS 30x40 cm, Waterproof (Taiwan) #2 - CPF",300161,9CPF,1,48,4,30-Jun-18,2018," 1,027,432 ",Equipment
396,Sonic Type 3S Waterproof (Taiwan)- CPF,300162,9CPF,1,48,4,30-Jun-18,2018," 467,432 ",Equipment
397,Sonic Precision Balance SS A-2000 - CPF,300163,9CPF,1,48,4,30-Jun-18,2018," 407,432 ",Equipment
398,Water Boiler SS HJ-100D 272215 - CPF,300164,9CPF,1,48,4,30-Jun-18,2018," 371,433 ",Equipment
399,TV LED 49 inchi merk PANASONIC type 49C305 - CPF,300165,9CPF,1,48,4,30-Jun-18,2018," 3,318,750 ",Equipment
400,HIGH PRESSURE CLEANER 100BAR 1300WATT (KW1800723) 2 - CPF,300166,9CPF,1,48,4,30-Jun-18,2018," 536,176 ",Equipment
401,Aruba Access Point 103 #1 - CPF,300167,9CPF,1,48,4,30-Jun-18,2018," 2,520,394 ",Equipment
402,DC Inventer Welder type PORTO / PD-200TIG - CPF,300168,9CPF,1,48,4,30-Jun-18,2018," 2,320,306 ",Equipment
403,LS (LG) Inverter Type : SV022iG5A-2 2.2 Kw-3 HP-3 Phase 220V - CPF,300169,9CPF,1,48,4,30-Jun-18,2018," 2,502,500 ",Equipment
404,"Wet & Dry Vacuum Cleaners, NT 70/2 - CPF",300170,9CPF,1,48,4,30-Jun-18,2018," 5,481,080 ",Equipment
405,"Cold Water High Pressure Cleaners, CompactClass, HD 5/12 C - CPF",300171,9CPF,1,48,4,30-Jun-18,2018," 5,063,982 ",Equipment
406,RAK 2 PINTU 120 X 80 CM - CPF,300172,9CPF,25,48,4,30-Jun-18,2018," 920,826 ",Equipment
407,Fingerprint Magic M100 - CPF,300173,9CPF,1,48,4,30-Jun-18,2018," 1,752,077 ",Equipment
408,KW0501524 - PLATFORM HAND TRUCK PLASTIC 400KG - CPF,300175,9CPF,1,48,4,30-Jun-18,2018," 1,055,616 ",Equipment
409,Meja Stainless  L.1850x600x850 mm w/ Back Splash - CPF,300176,9CPF,1,48,4,30-Jun-18,2018," 2,743,116 ",Equipment
410,Trolley Ampas 500x360x620 mm - Angle 140k - 9CPF,300177,9CPF,1,48,4,30-Jun-18,2018," 2,396,968 ",Equipment
411,Container Table 730x520x500 mm - 9CPF,300178,9CPF,1,48,4,30-Jun-18,2018," 1,861,404 ",Equipment
412,Santos Silent Shop Coffee Grinder Model 43 - CPF (1),300179,9CPF,1,48,4,30-Jun-18,2018," 8,937,505 ",Equipment
413,Santos Silent Shop Coffee Grinder Model 43 - CPF (2),300180,9CPF,1,48,4,30-Jun-18,2018," 8,937,505 ",Equipment
414,Epson Printer [LQ-310] - 9CPF,300181,9CPF,3,48,4,30-Jun-18,2018," 1,779,171 ",Equipment
415,Epson M100 - 9CPF,300182,9CPF,1,48,4,30-Jun-18,2018," 1,385,421 ",Equipment
416,Karcher K 2.420 AirCon High Pressure Cleaners - 9CPF,300183,9CPF,,48,4,30-Jun-18,2018," 2,128,082 ",Equipment
417,"ACER Veritron X2640 Win10pro, LED 19.5 Ic 3-6100/4GB DDR4/HD 500GB/DVDRW/gigabit - 9CPF",300189,9CPF,1,48,4,30-Jun-18,2018," 6,571,356 ",Equipment
418,"Thermometer Data Logger ""Tempod"" type MD - 9CPF (1)",300190,9CPF,2,48,4,30-Jun-18,2018," 1,306,250 ",Equipment
419,"Thermometer Data Logger ""Tempod"" type MD - 9CPF (2)",300191,9CPF,1,48,4,30-Jun-18,2018," 1,306,250 ",Equipment
420,Karcher Triple Nozzle 035 P/N 4.767-212.0 - 9CPF,300194,9CPF,1,48,4,30-Jun-18,2018," 1,114,664 ",Equipment
421,X-6 + ACCESSORIES+SPAREPART,300001,9CPF,1,96,8,31-Jan-17,2017," 492,759,219 ",Equipment
422,ANGEL COMMERCIAL 140K+SPAREPART,300002,9CPF,1,96,8,31-Jan-17,2017," 510,002,684 ",Equipment
423,X-1 + ACCES+SPAREPART ECT,300003,9CPF,2,96,8,31-Jan-17,2017," 885,155,572 ",Equipment
424,X-6 + ACCESSORIES+SPAREPART,300004,9CPF,2,96,8,31-Jan-17,2017," 492,759,219 ",Equipment
425,ANGEL COMMERCIAL 140K+SPAREPART,300005,9CPF,2,96,8,31-Jan-17,2017," 510,002,684 ",Equipment
426,X-1 + ACCES+SPAREPART ECT (additional),300007,9CPF,1,96,8,31-Dec-17,2017," 43,610,000 ",Equipment
427,X-6 + ACCESSORIES+SPAREPART (additional),300008,9CPF,1,96,8,31-Dec-17,2017," 29,697,646 ",Equipment
428,PC ACER Veriton X2640 - 9CPF,300011,9CPF,1,48,4,30-Aug-18,2018," 17,500,000 ",Equipment
429,NB ACER TMP 648 G2 i5 - 9CPF,300012,9CPF,1,48,4,30-Aug-18,2018," 11,925,000 ",Equipment
430,FILTER  UD 25+ - 9CPF,300236,9CPF,1,48,4,26-Oct-18,2018," 10,000,000 ",Equipment
431,Sinorie High Bay Light SCI-CP HB06-100 (100W) Food Grade - 9CPF,300210,9CPF,1,48,4,9-Nov-18,2018," 3,848,698 ",Equipment
432,Sinorie High Bay Light SCI-CP HB06-100 (100W) Food Grade - 9CPF,300211,9CPF,1,48,4,9-Nov-18,2018," 3,848,698 ",Equipment
433,Sinorie High Bay Light SCI-CP HB06-100 (100W) Food Grade - 9CPF,300212,9CPF,1,48,4,9-Nov-18,2018," 3,848,698 ",Equipment
434,Sinorie High Bay Light SCI-CP HB06-100 (100W) Food Grade - 9CPF,300213,9CPF,,48,4,9-Nov-18,2018," 3,848,698 ",Equipment
435,Sinorie High Bay Light SCI-CP HB06-100 (100W) Food Grade - 9CPF,300214,9CPF,1,48,4,9-Nov-18,2018," 3,848,698 ",Equipment
436,Sinorie High Bay Light SCI-CP HB06-100 (100W) Food Grade - 9CPF,300215,9CPF,,48,4,9-Nov-18,2018," 3,848,698 ",Equipment
437,Sinorie High Bay Light SCI-CP HB06-100 (100W) Food Grade - 9CPF,300216,9CPF,,48,4,9-Nov-18,2018," 3,848,698 ",Equipment
438,Sinorie High Bay Light SCI-CP HB06-100 (100W) Food Grade - 9CPF,300217,9CPF,1,48,4,9-Nov-18,2018," 3,848,698 ",Equipment
439,Sinorie High Bay Light SCI-CP HB06-100 (100W) Food Grade - 9CPF,300218,9CPF,1,48,4,9-Nov-18,2018," 3,848,698 ",Equipment
440,Sinorie High Bay Light SCI-CP HB06-100 (100W) Food Grade - 9CPF,300219,9CPF,1,48,4,9-Nov-18,2018," 3,848,698 ",Equipment
441,Sinorie High Bay Light SCI-CP HB06-100 (100W) Food Grade - 9CPF,300220,9CPF,1,48,4,9-Nov-18,2018," 3,848,698 ",Equipment
442,Sinorie High Bay Light SCI-CP HB06-100 (100W) Food Grade - 9CPF,300221,9CPF,1,48,4,9-Nov-18,2018," 3,848,698 ",Equipment
443,Sinorie High Bay Light SCI-CP HB06-100 (100W) Food Grade - 9CPF,300222,9CPF,1,48,4,9-Nov-18,2018," 3,848,698 ",Equipment
444,Sinorie High Bay Light SCI-CP HB06-100 (100W) Food Grade - 9CPF,300223,9CPF,1,48,4,9-Nov-18,2018," 3,848,698 ",Equipment
445,Sinorie High Bay Light SCI-CP HB06-100 (100W) Food Grade - 9CPF,300224,9CPF,1,48,4,9-Nov-18,2018," 3,848,698 ",Equipment
446,Medium Rack-81154-RJ-JKT-R1-OP1-Arsip F&A - 9CPF,300268,9CPF,1,48,4,20-Dec-18,2018," 48,174,430 ",Equipment
447,Medium Rack-81154-RJ-JKT-R1-OP1-Sparepart - 9CPF,300269,9CPF,1,48,4,20-Dec-18,2018," 43,307,160 ",Equipment
448,Medium Rack-81154-RJ-JKT-R1-OP1-HRD - 9CPF,300270,9CPF,,48,4,20-Dec-18,2018," 14,435,720 ",Equipment
449,Medium Rack-81154-RJ-JKT-R1-OP1-CWH - 9CPF,300271,9CPF,1,48,4,20-Dec-18,2018," 199,508,600 ",Equipment
450,Medium Rack-81154-RJ-JKT-R1-OP1-CWH Kering - 9CPF,300272,9CPF,1,48,4,20-Dec-18,2018," 61,148,320 ",Equipment
451,Medium Rack-81154-RJ-JKT-R1-OP1-PSIC & Labeling - 9CPF,300273,9CPF,1,48,4,20-Dec-18,2018," 81,747,050 ",Equipment
452,Selective Rack-81154-RJ-JKT-R1-OP1-Chiller RM - 9CPF,300274,9CPF,1,48,4,20-Dec-18,2018," 25,097,610 ",Equipment
453,"AC SPLIT 1,5PK DAIKIN STANDART THAILAND R32 - 9CPF",300275,9CPF,1,48,4,1-Dec-18,2018," 4,232,250 ",Equipment
454,"AC SPLIT 1,5PK DAIKIN STANDART THAILAND R32 - 9CPF",300276,9CPF,1,48,4,1-Dec-18,2018," 4,232,250 ",Equipment
455,"AC SPLIT 2,5PK DAIKIN STANDART THAILAND R32 - 9CPF",300277,9CPF,,48,4,1-Dec-18,2018," 7,994,250 ",Equipment
456,"AC SPLIT 2,5PK DAIKIN STANDART THAILAND R32 - 9CPF",300278,9CPF,1,48,4,1-Dec-18,2018," 7,994,250 ",Equipment
457,"AC SPLIT 2,5PK DAIKIN STANDART THAILAND R32 - 9CPF",300279,9CPF,1,48,4,1-Dec-18,2018," 7,994,250 ",Equipment
458,"AC SPLIT 2,5PK DAIKIN STANDART THAILAND R32 - 9CPF",300282,9CPF,,48,4,1-Dec-18,2018," 7,994,250 ",Equipment
459,"AC SPLIT 1,5PK DAIKIN STANDART THAILAND R32 - 9CPF",300283,9CPF,1,48,4,1-Dec-18,2018," 4,232,250 ",Equipment
460,"AC SPLIT 1,5PK DAIKIN STANDART THAILAND R32 - 9CPF",300284,9CPF,1,48,4,1-Dec-18,2018," 4,232,250 ",Equipment
461,AC SPLIT 2PK DAIKIN STANDART THAILAND R32 - 9CPF,300285,9CPF,1,48,4,1-Dec-18,2018," 5,628,150 ",Equipment
462,"AC SPLIT 0,5PK DAIKIN STANDART THAILAND R32 - 9CPF",300286,9CPF,1,48,4,1-Dec-18,2018," 3,128,400 ",Equipment
463,"AC SPLIT 0,5 PK DAIKIN STANDART THAILAND R32 - 9CPF",300287,9CPF,1,48,4,1-Dec-18,2018," 3,128,400 ",Equipment
464,AC SPLIT 2PK DAIKIN STANDART THAILAND R32 - 9CPF,300288,9CPF,1,48,4,1-Dec-18,2018," 5,628,150 ",Equipment
465,AC SPLIT 2PK DAIKIN STANDART THAILAND R32 - 9CPF,300289,9CPF,1,48,4,1-Dec-18,2018," 5,628,150 ",Equipment
466,AC SPLIT 2PK DAIKIN STANDART THAILAND R32 - 9CPF,300290,9CPF,1,48,4,1-Dec-18,2018," 5,628,150 ",Equipment
467,AC SPLIT 2PK DAIKIN STANDART THAILAND R32 - 9CPF,300291,9CPF,2,48,4,1-Dec-18,2018," 5,628,150 ",Equipment
468,APC SMART UPS - C 1000VA LCD RM 2U 230V,300294,9CPF,1,48,4,1-Dec-18,2018," 6,650,000 ",Equipment
469,APC SMART UPS - C 1000VA LCD RM 2U 230V,300295,9CPF,1,48,4,1-Dec-18,2018," 6,650,000 ",Equipment
470,"19"" Closed Rack 42U Depth 1200 mm W = 600 mm",300296,9CPF,1,48,4,1-Dec-18,2018," 17,000,000 ",Equipment
471,Videojet Printer Model VJ 1510 IP65 - Gear Pump System Up to 5 lines of Code - 9CPF,300010,9CPF,1,48,4,31-Dec-18,2018," 92,000,000 ",Equipment
472,"AC SPLIT 2,5PK DAIKIN STANDART THAILAND R32 - 9CPF",300237,9CPF,1,48,4,31-Dec-18,2018," 7,994,250 ",Equipment
473,"AC SPLIT 2,5PK DAIKIN STANDART THAILAND R32 - 9CPF",300238,9CPF,1,48,4,31-Dec-18,2018," 7,994,250 ",Equipment
474,"AC SPLIT 2,5PK DAIKIN STANDART THAILAND R32 - 9CPF",300239,9CPF,1,48,4,31-Dec-18,2018," 7,994,250 ",Equipment
475,"AC SPLIT 2,5PK DAIKIN STANDART THAILAND R32 - 9CPF",300240,9CPF,1,48,4,31-Dec-18,2018," 7,994,250 ",Equipment
476,"AC SPLIT 2,5PK DAIKIN STANDART THAILAND R32 - 9CPF",300241,9CPF,1,48,4,31-Dec-18,2018," 7,994,250 ",Equipment
477,"AC SPLIT 1,5PK DAIKIN STANDART THAILAND R32 - 9CPF",300242,9CPF,1,48,4,31-Dec-18,2018," 4,232,250 ",Equipment
478,"AC SPLIT 1,5PK DAIKIN STANDART THAILAND R32 - 9CPF",300243,9CPF,1,48,4,31-Dec-18,2018," 4,232,250 ",Equipment
479,"AC SPLIT 1,5PK DAIKIN STANDART THAILAND R32 - 9CPF",300244,9CPF,1,48,4,31-Dec-18,2018," 4,232,250 ",Equipment
480,"AC SPLIT 1,5PK DAIKIN STANDART THAILAND R32 - 9CPF",300245,9CPF,1,48,4,31-Dec-18,2018," 4,232,250 ",Equipment
481,"AC SPLIT 1,5PK DAIKIN STANDART THAILAND R32 - 9CPF",300246,9CPF,1,48,4,31-Dec-18,2018," 4,232,250 ",Equipment
482,"AC SPLIT 0,5PK DAIKIN STANDART THAILAND R32 - 9CPF",300247,9CPF,1,48,4,31-Dec-18,2018," 3,128,400 ",Equipment
483,"AC SPLIT 0,5PK DAIKIN STANDART THAILAND R32 - 9CPF",300248,9CPF,1,48,4,31-Dec-18,2018," 3,128,400 ",Equipment
484,"AC SPLIT 0,5PK DAIKIN STANDART THAILAND R32 - 9CPF",300249,9CPF,1,48,4,31-Dec-18,2018," 3,128,400 ",Equipment
485,AC SPLIT 2PK DAIKIN STANDART THAILAND R32 - 9CPF,300250,9CPF,1,48,4,31-Dec-18,2018," 5,628,150 ",Equipment
486,"AC SPLIT 1,5PK DAIKIN STANDART THAILAND R32 - 9CPF",300251,9CPF,1,48,4,31-Dec-18,2018," 4,232,250 ",Equipment
487,"AC SPLIT 1,5PK DAIKIN STANDART THAILAND R32 - 9CPF",300252,9CPF,1,48,4,31-Dec-18,2018," 4,232,250 ",Equipment
488,"AC SPLIT 2,5PK DAIKIN STANDART THAILAND R32 - 9CPF",300253,9CPF,1,48,4,31-Dec-18,2018," 7,994,250 ",Equipment
489,"AC SPLIT 2,5PK DAIKIN STANDART THAILAND R32 - 9CPF",300254,9CPF,,48,4,31-Dec-18,2018," 7,994,250 ",Equipment
490,"AC SPLIT 1,5PK DAIKIN STANDART THAILAND R32 - 9CPF",300255,9CPF,1,48,4,31-Dec-18,2018," 4,232,250 ",Equipment
491,AC CASSETTE 5 PK DAIKIN NON INVERTER R410A - 9CPF,300256,9CPF,1,48,4,31-Dec-18,2018," 24,941,200 ",Equipment
492,AC CASSETTE 5 PK DAIKIN NON INVERTER R410A - 9CPF,300257,9CPF,1,48,4,31-Dec-18,2018," 24,941,200 ",Equipment
493,AC CASSETTE 5 PK DAIKIN NON INVERTER R410A - 9CPF,300258,9CPF,1,48,4,31-Dec-18,2018," 24,941,200 ",Equipment
494,ATLAS COPCO AIR COMPRESSOR GXE 7FF A 10 ML 400 50 TM - 9CPF,300235,9CPF,1,96,8,26-Oct-18,2018," 95,112,222 ",Equipment
495,HIGH PREASURE EQUIPMENT HIPERBARIC 135 - 9CPF,300006,9CPF,1,96,8,31-Oct-18,2018," 16,320,016,052 ",Equipment
496,PERKINS CPP 650 (Silent Type) - 9CPF,300195,9CPF,1,96,8,7-Nov-18,2018," 914,410,294 ",Equipment
497,Fruit Belt Conveyor - 9CPF,300206,9CPF,1,96,8,29-Nov-18,2018," 81,999,476 ",Equipment
498,Fruit Belt Conveyor - 9CPF,300207,9CPF,1,96,8,29-Nov-18,2018," 77,297,797 ",Equipment
499,Scrap Belt Conveyor - 9CPF,300208,9CPF,,96,8,29-Nov-18,2018," 285,127,004 ",Equipment
500,Air Shower Module - 9CPF,300209,9CPF,,96,8,29-Nov-18,2018," 126,556,372 ",Equipment
501,Kineto Water Chiller 7500-1800,300021,9CPF,1,96,8,1-Dec-18,2018," 1,422,333,644 ",Equipment
502,CF - MAP-JY420A Tray Modified Atmosphere Packaging Machine - 9CPF,300022,9CUT,1,96,8,31-Oct-18,2018," 264,737,956 ",Equipment
503,CF - MAP-JY420A Tray Modified Atmosphere Packaging Machine - 9CPF,300023,9CUT,1,96,8,31-Oct-18,2018," 264,737,956 ",Equipment
504,X6 PART#19768-R01 STANDARD 1 PHASE & EG260 and Acc - 9CPF,300293,9CPF,1,96,8,27-Dec-18,2018," 804,514,774 ",Equipment
505,X6 PART#19768-R01 STANDARD 1 PHASE & EG260 and Acc - 9CPF,300297,9CPF,1,96,8,27-Dec-18,2018," 804,514,774 ",Equipment
506,X1 MINI PRO GREEN 220v - 9CPF,300292,9CPF,1,96,8,2-Jan-19,2019," 202,194,434 ",Equipment
507,CF - Haris Regulator type : 25GX-10 - 9CPF,300300,9CUT,1,96,8,15-Jan-19,2019," 1,800,000 ",Equipment
508,CF - Haris Regulator type : 25GX-10 - 9CPF,300301,9CUT,1,96,8,15-Jan-19,2019," 1,800,000 ",Equipment
509,CF - Haris Regulator type : 25GX-10 - 9CPF,300302,9CUT,1,96,8,15-Jan-19,2019," 1,800,000 ",Equipment
510,GEA Air Bubble Veg Washer QX-32 (1) - 9CPF,300017,9CPF,1,48,4,1-Feb-19,2019," 106,069,158 ",Equipment
511,GEA Air Bubble Veg Washer QX-32 (2) - 9CPF,300018,9CPF,1,48,4,1-Feb-19,2019," 106,069,158 ",Equipment
512,GEA Air Bubble Veg Washer QX-32 (3) - 9CPF,300019,9CPF,,48,4,1-Feb-19,2019," 106,069,158 ",Equipment
513,"GEA S/S Sink Table SST-1585, 150x70x(85+10) - 9CPF",300225,9CPF,1,48,4,1-Feb-19,2019," 3,750,000 ",Equipment
514,"GEA S/S Sink Table SST-1585, 150x70x(85+10) - 9CPF",300226,9CPF,1,48,4,1-Feb-19,2019," 3,750,000 ",Equipment
515,"GEA S/S Sink Table SST-1585, 150x70x(85+10) - 9CPF",300227,9CPF,1,48,4,1-Feb-19,2019," 3,750,000 ",Equipment
516,"GEA S/S Sink Table SST-1585, 150x70x(85+10) - 9CPF",300228,9CPF,,48,4,1-Feb-19,2019," 3,750,000 ",Equipment
517,"GEA S/S Sink Table SST-1585, 150x70x(85+10) - 9CPF",300229,9CPF,,48,4,1-Feb-19,2019," 3,750,000 ",Equipment
518,"GEA S/S Sink Table SST-1585, 150x70x(85+10) - 9CPF",300230,9CPF,1,48,4,1-Feb-19,2019," 3,750,000 ",Equipment
519,"GEA S/S Sink Table SST-1585, 150x70x(85+10) - 9CPF",300231,9CPF,1,48,4,1-Feb-19,2019," 3,750,000 ",Equipment
520,"GEA S/S Sink Table SST-1585, 150x70x(85+10) - 9CPF",300232,9CPF,1,48,4,1-Feb-19,2019," 3,750,000 ",Equipment
521,"GEA S/S Sink Table SST-1585, 150x70x(85+10) - 9CPF",300233,9CPF,1,48,4,1-Feb-19,2019," 3,750,000 ",Equipment
522,"GEA S/S Sink Table SST-1585, 150x70x(85+10) - 9CPF",300234,9CPF,,48,4,1-Feb-19,2019," 3,750,000 ",Equipment
523,CF - Videojet Printer Model VJ 1530 - 9CPF,300298,9CUT,,96,8,21-Feb-19,2019," 98,000,000 ",Equipment
524,CF - Plat Belt Conveyor - 9CPF,300303,9CUT,,96,8,28-Feb-19,2019," 31,500,000 ",Equipment
525,"Thermometer Data Logger ""Tempod"" type MD - 9CPF",300304,9CPF,,48,4,4-Feb-19,2019," 1,500,000 ",Equipment
526,"Thermometer Data Logger ""Tempod"" type MD - 9CPF",300305,9CPF,1,48,4,4-Feb-19,2019," 1,500,000 ",Equipment
527,"Thermometer Data Logger ""Tempod"" type MD - 9CPF",300306,9CPF,1,48,4,4-Feb-19,2019," 1,500,000 ",Equipment
528,"Thermometer Data Logger ""Tempod"" type MD - 9CPF",300307,9CPF,1,48,4,4-Feb-19,2019," 1,500,000 ",Equipment
529,"Thermometer Data Logger ""Tempod"" type MD - 9CPF",300308,9CPF,1,48,4,4-Feb-19,2019," 1,500,000 ",Equipment
530,"Thermometer Data Logger ""Tempod"" type MD - 9CPF",300309,9CPF,1,48,4,4-Feb-19,2019," 1,500,000 ",Equipment
531,"Thermometer Data Logger ""Tempod"" type MD - 9CPF",300310,9CPF,1,48,4,4-Feb-19,2019," 1,500,000 ",Equipment
532,Inverter Panasonic 0.75KW - 9CPF,300311,9CPF,1,48,4,13-Feb-19,2019," 3,600,000 ",Equipment
533,NB Lenovo E470-P00 i3 - 9PRD,300314,9PRD,1,48,4,28-Feb-19,2019," 10,100,000 ",Equipment
534,Timbangan Alexa 150kg - 9CPF,300315,9CPF,1,48,4,30-Mar-19,2019," 3,139,360 ",Equipment
535,Timbangan Alexa 150kg - 9CPF,300316,9CPF,1,48,4,30-Mar-19,2019," 3,139,360 ",Equipment
536,Timbangan Digital 30kg - 9CPF,300317,9CPF,1,48,4,30-Mar-19,2019," 3,200,000 ",Equipment
537,Timbangan Digital 30kg - 9CPF,300318,9CPF,1,48,4,30-Mar-19,2019," 3,200,000 ",Equipment
538,Digital Filling Machine PCL - 9CPF,300313,9CPF,1,48,4,5-Mar-19,2019," 3,342,000 ",Equipment
539,Mekanikal Seal Unit Pump m/c Filling - 9CPF,300323,9CPF,1,48,4,30-Apr-19,2019," 1,500,000 ",Equipment
540,Mekanikal Seal Unit Pump m/c Filling - 9CPF,300324,9CPF,1,48,4,30-Apr-19,2019," 1,500,000 ",Equipment
541,PC ACER Desktop Veriton X2640 i3 - 9CPF,300332,9CPF,1,48,4,15-Apr-19,2019," 8,525,000 ",Equipment
542,PC ACER Desktop Veriton X2640 i3 - 9CPF,300333,9CPF,1,48,4,15-Apr-19,2019," 8,525,000 ",Equipment
543,Stand Roller for Labeling Machine - 9CPF,300336,9CPF,1,48,4,30-Apr-19,2019," 1,000,000 ",Equipment
544,CF - GAS ANALYZER - 9CUT,300338,9CUT,1,96,8,1-Apr-19,2019," 86,870,000 ",Equipment
545,"CF - Pipa Gas N2,O2,CO2 dan Installasi - 9CPF",300320,9CUT,,96,8,31-May-19,2019," 320,000,000 ",Equipment
546,Fuse TM 32 Amper Merk Schneider - 9CPF,300326,9CPF,,48,4,31-May-19,2019," 3,500,000 ",Equipment
547,Fuse TM 32 Amper Merk Schneider - 9CPF,300327,9CPF,1,48,4,31-May-19,2019," 3,500,000 ",Equipment
548,Fuse TM 32 Amper Merk Schneider - 9CPF,300328,9CPF,1,48,4,31-May-19,2019," 3,500,000 ",Equipment
549,Fuse TM 32 Amper Merk Schneider - 9CPF,300329,9CPF,1,48,4,31-May-19,2019," 3,500,000 ",Equipment
550,Fuse TM 32 Amper Merk Schneider - 9CPF,300330,9CPF,1,48,4,31-May-19,2019," 3,500,000 ",Equipment
551,Fuse TM 32 Amper Merk Schneider - 9CPF,300331,9CPF,1,48,4,31-May-19,2019," 3,500,000 ",Equipment
552,"Pemasangan AC SPLIT DAIKIN R32 (R.gudang CWH,labeling,cuci,krat,maintenance,tambahan,& galeri)-9CPF",300339,9CPF,1,48,4,1-May-19,2019," 62,654,400 ",Equipment
553,Water Treatment Plant - 9CPF,300340,9CPF,1,96,8,1-May-19,2019," 862,627,815 ",Equipment
554,Water Treatment Plant (PIPING) - 9CPF (sub FA 300340),300341,9CPF,1,96,8,1-May-19,2019," 603,000,000 ",Equipment
555,HIGH PRESSURE EQUIPMENT HIPERBARIC 135 (Crane angkut HPP) - 9CPF (sub 300006),300342,9CPF,1,96,8,1-May-19,2019," 146,687,481 ",Equipment
556,Glycol Cooling Chiller-Model KG-150-H - 9CPF,300205,9CPF,1,96,8,1-May-19,2019," 321,344,035 ",Equipment
557,Air Bubble Vegetable Washer QX-32 - 9CPF,300319,9CPF,,96,8,18-Jun-19,2019," 106,575,000 ",Equipment
558,Projector NEC M333XS (ruang training) - 9CPF,300343,9CPF,1,48,4,25-Jul-19,2019," 12,730,000 ",Equipment
559,AC SPLIT 1PK DAIKIN STANDART THAILAND R32 (R.Pantry) - 9CPF,300344,9CPF,,48,4,17-Jul-19,2019," 3,430,000 ",Equipment
560,"Layar Proyektor ScreenView Pull Down Manual 100 Inch ""MWSSV1520""  (R.Training) - 9CPF",300346,9CPF,,48,4,25-Jul-19,2019," 1,950,000 ",Equipment
561,Food Processor HALLDE VCB-61 - 9CPF,300347,9CPF,,48,4,25-Jul-19,2019," 22,600,000 ",Equipment
562,"TV LED Sharp Full HD 50"" Blacktype LC-50LE275X #1 - 9CPF",300349,9CPF,,48,4,19-Jul-19,2019," 2,500,000 ",Equipment
563,"TV LED Sharp Full HD 50"" Blacktype LC-50LE275X #2 - 9CPF",300350,9CPF,1,48,4,19-Jul-19,2019," 2,500,000 ",Equipment
564,Mesin Coding Video Jet Type 1530 - 9CPF,300337,9CPF,,48,4,8-Aug-19,2019," 98,000,000 ",Equipment
565,Shelving Steel 5 Shelf 120x60x183cm Grey - 9CPF,300375,9CPF,,48,4,1-Aug-19,2019," 1,726,364 ",Equipment
566,Paper Shredder 10 Sheets White SD9112 - 9CPF,300376,9CPF,1,48,4,1-Aug-19,2019," 2,726,364 ",Equipment
567,SHARP Microwave Grill 25L Model:R728(S)IN SL - 9CPF,300377,9CPF,1,48,4,1-Aug-19,2019," 1,364,545 ",Equipment
568,ASA5508-K9 - Cisco ASA Firewall 5508-X & GIIP Bitung - 9CPF,300259,9CPF,1,48,4,30-Sep-19,2019," 20,901,400 ",Equipment
569,CS-KIT-K9 - Cisco Telepresence Video Conference & GIIP Bitung - 9CPF,300260,9CPF,1,48,4,30-Sep-19,2019," 65,545,200 ",Equipment
570,CTS-MIC-TABL20 - Cisco Telepresence Mic Table & GIIP Bitung - 9CPF,300261,9CPF,1,48,4,30-Sep-19,2019," 2,577,800 ",Equipment
571,CON-SNT-CSKITK9 - Partner Support for CS-KIT-K9 & GIIP Bitung - 9CPF,300262,9CPF,1,48,4,30-Sep-19,2019," 16,108,500 ",Equipment
572,J9773A - Aruba Switch 2530 24G Port PoE+ Switch & GIIP Bitung - 9CPF,300263,9CPF,1,48,4,30-Sep-19,2019," 13,529,200 ",Equipment
573,J9773A - Aruba Switch 2530 24G Port PoE+ Switch & GIIP Bitung - 9CPF,300264,9CPF,1,48,4,30-Sep-19,2019," 13,529,200 ",Equipment
574,JX954A - AP Aruba IAP-207 & GIIP Bitung - 9CPF,300265,9CPF,1,48,4,30-Sep-19,2019," 2,677,000 ",Equipment
575,JX954A - AP Aruba IAP-207 & GIIP Bitung - 9CPF,300266,9CPF,1,48,4,30-Sep-19,2019," 2,677,000 ",Equipment
576,JX954A - AP Aruba IAP-207 & GIIP Bitung - 9CPF,300267,9CPF,1,48,4,30-Sep-19,2019," 2,677,000 ",Equipment
577,"Vitamix VM-146 Bar Blender Interlock Cap. 5,6Ltr - 9CPF",300321,9CPF,1,48,4,10-Sep-19,2019," 41,900,000 ",Equipment
578,"Vitamix VM-146 Bar Blender Interlock Cap. 5,6Ltr - 9CPF",300322,9CPF,1,48,4,10-Sep-19,2019," 41,900,000 ",Equipment
579,XL Motor Kit 220V - 9CPF,300334,9CPF,1,48,4,19-Sep-19,2019," 9,344,000 ",Equipment
580,XL Motor Kit 220V - 9CPF,300335,9CPF,1,48,4,19-Sep-19,2019," 9,344,000 ",Equipment
581,IP IR Dome Camera (WID320) - CCTV Camera untuk CPF Lt 2 - 9CPF,300351,9CPF,,48,4,17-Sep-19,2019," 2,100,000 ",Equipment
582,IP IR Dome Camera (WID320) - CCTV Camera untuk CPF Lt 2 - 9CPF,300352,9CPF,1,48,4,17-Sep-19,2019," 2,100,000 ",Equipment
583,IP IR Dome Camera (WID320) - CCTV Camera untuk CPF Lt 2 - 9CPF,300353,9CPF,1,48,4,17-Sep-19,2019," 2,100,000 ",Equipment
584,IP IR Dome Camera (WID320) - CCTV Camera untuk CPF Lt 2 - 9CPF,300354,9CPF,1,48,4,17-Sep-19,2019," 2,100,000 ",Equipment
585,IP IR Dome Camera (WID320) - CCTV Camera untuk CPF Lt 2 - 9CPF,300355,9CPF,,48,4,17-Sep-19,2019," 2,100,000 ",Equipment
586,IP IR Dome Camera (WID320) - CCTV Camera untuk CPF Lt 2 - 9CPF,300356,9CPF,,48,4,17-Sep-19,2019," 2,100,000 ",Equipment
587,IP IR Dome Camera (WID320) - CCTV Camera untuk CPF Lt 2 - 9CPF,300357,9CPF,1,48,4,17-Sep-19,2019," 2,100,000 ",Equipment
588,IP IR Dome Camera (WID320) - CCTV Camera untuk CPF Lt 2 - 9CPF,300358,9CPF,1,48,4,17-Sep-19,2019," 2,100,000 ",Equipment
589,IP IR Dome Camera (WID320) - CCTV Camera untuk CPF Lt 2 - 9CPF,300359,9CPF,1,48,4,17-Sep-19,2019," 2,100,000 ",Equipment
590,IP IR Dome Camera (WID320) - CCTV Camera untuk CPF Lt 2 - 9CPF,300360,9CPF,,48,4,17-Sep-19,2019," 2,100,000 ",Equipment
591,IP IR Dome Camera (WID320) - CCTV Camera untuk CPF Lt 2 - 9CPF,300361,9CPF,,48,4,17-Sep-19,2019," 2,100,000 ",Equipment
592,IP IR Dome Camera (WID320) - CCTV Camera untuk CPF Lt 2 - 9CPF,300362,9CPF,1,48,4,17-Sep-19,2019," 2,100,000 ",Equipment
593,IP IR Dome Camera (WID320) - CCTV Camera untuk CPF Lt 2 - 9CPF,300363,9CPF,1,48,4,17-Sep-19,2019," 2,100,000 ",Equipment
594,IP IR Dome Camera (WID320) - CCTV Camera untuk CPF Lt 2 - 9CPF,300364,9CPF,,48,4,17-Sep-19,2019," 2,100,000 ",Equipment
595,IP Weatherproof Camera (WIW320) - CCTV Camera untuk ruang HPP - 9CPF,300365,9CPF,1,48,4,17-Sep-19,2019," 2,100,000 ",Equipment
596,Network Video Recorder (WN162) - NVR untuk CPF Lt 2 - 9CPF,300366,9CPF,1,48,4,17-Sep-19,2019," 12,500,000 ",Equipment
597,Switch Hub PoE 8 Port (POE108L) - Switch untuk CPF Lt 2 - 9CPF,300367,9CPF,,48,4,17-Sep-19,2019," 1,800,000 ",Equipment
598,Switch Hub PoE 8 Port (POE108L) - Switch untuk CPF Lt 2,300368,9CPF,,48,4,17-Sep-19,2019," 1,800,000 ",Equipment
599,Switch Hub PoE 4 Port (POG624G) - Switch untuk ruang HPP - 9CPF,300369,9CPF,1,48,4,17-Sep-19,2019," 1,370,000 ",Equipment
600,Switch Hub PoE 8 Port Gigabit - Switch untuk CPF Lt 2 - 9CPF,300370,9CPF,1,48,4,17-Sep-19,2019," 1,840,000 ",Equipment
601,Hardisk Surveillance for CCTV 2 TB - Hdd untuk NVR CPF Lt 2 - 9CPF,300371,9CPF,1,48,4,17-Sep-19,2019," 1,305,000 ",Equipment
602,Hardisk Surveillance for CCTV 2 TB - Hdd untuk NVR CPF Lt 2 - 9CPF,300372,9CPF,1,48,4,17-Sep-19,2019," 1,305,000 ",Equipment
603,IP Weatherproof Camera (WIW320) - CCTV area Parkir - 9CPF,300378,9CPF,1,48,4,23-Sep-19,2019," 2,100,000 ",Equipment
604,Juice Filling Machine #1 - 9CPF,300379,9CPF,1,96,8,18-Sep-19,2019," 276,000,000 ",Equipment
605,Juice Filling Machine #2 - 9CPF,300380,9CPF,1,96,8,18-Sep-19,2019," 276,000,000 ",Equipment
606,Flood Light LED 200W - 9CPF,300381,9CPF,1,48,4,12-Sep-19,2019," 1,017,455 ",Equipment
607,"32 Set CCTV, Recoder, Switch, HD  - 9CPF",300396,9CPF,1,48,4,30-Sep-19,2019," 134,695,400 ",Equipment
608,Instalasi CCTV lt. 2 & HPP  - 9CPF,300397,9CPF,1,48,4,30-Sep-19,2019," 13,450,400 ",Equipment
609,Roller Belt & Black Belt for Labeling Machine - 9CPF,300348,9CPF,1,48,4,21-Oct-19,2019," 3,100,000 ",Equipment
610,Power Board - Memmert Universal Oven UN 30 (sub FA 300043) - CPF,300395,9CPF,1,48,4,31-Oct-19,2019," 5,004,800 ",Equipment
611,"Motor for Replacement ""KARCHER"" HD 5/12 C - 9CPF",300373,9CPF,1,48,4,26-Nov-19,2019," 4,309,500 ",Equipment
612,"Layar Proyektor ScreenView Pull Down Manual 120 Inch ""MWSSV3030L""  (R.Training) - 9CPF",300403,9CPF,1,48,4,20-Nov-19,2019," 3,490,000 ",Equipment
613,"LAKONI Compressor Oilless 1 HP, 1450RPM - 9CPF",300404,9CPF,,48,4,29-Nov-19,2019," 1,200,000 ",Equipment
614,SHARP 2 Door Refrigerator Silver - 9CPF,300405,9CPF,,48,4,26-Dec-19,2019," 2,954,546 ",Equipment
615,BALANZA - Timbangan Digital 60kg - 9CPF,300398,9CPF,,48,4,9-Dec-19,2019," 4,116,000 ",Equipment
616,BALANZA - Timbangan Digital 60kg - 9CPF,300399,9CPF,1,48,4,9-Dec-19,2019," 4,116,000 ",Equipment
617,Water Container Stainless Steel 120L - 9CPF,300400,9CPF,1,48,4,19-Dec-19,2019," 3,422,500 ",Equipment
618,Trolley Water Container Stainless Steel 120L - 9CPF,300401,9CPF,1,48,4,19-Dec-19,2019," 2,497,500 ",Equipment
619,Water Container Stainless Steel 58L - 9CPF,300402,9CPF,1,48,4,19-Dec-19,2019," 2,590,000 ",Equipment
620,Long range POE switch PoE 6 Port (POE642LA) +material - Parkiran motor - 9CPF,300394,9CPF,1,48,4,17-Dec-19,2019," 1,178,800 ",Equipment
621,Memmert incubator IN110 cap 108 liter - 9OPS,300407,9CPF,1,48,4,28-Jan-20,2020," 31,402,741 ",Equipment
622,ORION Star A215 pH/Conductivity Meter Benchtop - 9OPS,300408,9CPF,1,48,4,28-Jan-20,2020," 29,375,725 ",Equipment
623,HACH DR 900 Colorimeter HandHeld - 9OPS,300409,9CPF,1,48,4,28-Jan-20,2020," 26,114,680 ",Equipment
624,HACH 2100Q Turbidimeter - 9OPS,300410,9CPF,1,48,4,28-Jan-20,2020," 22,704,701 ",Equipment
625,Chlorine Meter and Dosing System Pump with Tank - 9CPF,300412,9CPF,1,96,8,28-Jan-20,2020," 121,000,000 ",Equipment
626,Water Treatment Plant (PIPING HDPE) - 9CPF (sub FA 300340),300413,9CPF,1,96,8,28-Jan-20,2020," 11,190,000 ",Equipment
627,OHAUS Pioneer Precision PX2202/E - 9QAC,300411,9QAC,1,48,4,21-Jan-20,2020," 13,668,800 ",Equipment
628,NILFISK - HIGH PRESSURE COLD C110E - 9CPF,300414,9CPF,1,48,4,29-Feb-20,2020," 14,662,500 ",Equipment
629,BALANZA - Timbangan Digital 60kg - 9CPF (addition FA 300398),300416,9CPF,1,48,4,1-Feb-20,2020," 1,134,000 ",Equipment
630,BALANZA - Timbangan Digital 60kg - 9CPF (addition FA 300399),300417,9CPF,1,48,4,1-Feb-20,2020," 1,134,000 ",Equipment
631,"AScreen Interactive Flat Panel 65"" - 9CPF",300415,9CPF,1,48,4,16-Mar-20,2020," 30,000,000 ",Equipment
632,Thermometer Infrared - 9CPF,300418,9CPF,1,48,4,31-Mar-20,2020," 1,272,727 ",Equipment
633,Thermometer Infrared - 9CPF,300419,9CPF,1,48,4,31-Mar-20,2020," 1,272,727 ",Equipment
634,DISENFECTAN BOX TYPE 10413190 UK. 1x1x2m - 9CPF,300420,9CPF,1,48,4,1-Jul-20,2020," 18,500,000 ",Equipment
635,XL Motor Kit 220V - 9CPF,300425,9CPF,1,48,4,30-Oct-20,2020," 9,344,000 ",Equipment
636,XL Motor Kit 220V - 9CPF,300426,9CPF,1,48,4,30-Oct-20,2020," 9,344,000 ",Equipment
637,SHARP - Air Purifier Tipe FP-J80Y-H - 9CPF,300421,9CPF,1,48,4,25-Nov-20,2020," 3,805,300 ",Equipment
638,SHARP - Air Purifier Tipe FP-J80Y-H - 9CPF,300422,9CPF,1,48,4,25-Nov-20,2020," 3,805,300 ",Equipment
639,SHARP - Air Purifier Tipe FP-J60Y-W/H - 9CPF,300423,9CPF,1,48,4,25-Nov-20,2020," 3,086,900 ",Equipment
640,SHARP - Air Purifier Tipe FP-J60Y-W/H - 9CPF,300424,9CPF,1,48,4,25-Nov-20,2020," 3,086,900 ",Equipment
641,1 unit ink core without pump VJ1510 s/n 17356004C11ZH,300427,9CPF,1,48,4,9-Nov-20,2020," 20,343,960 ",Equipment
642,NB Acer Aspire 5 i3 (A514-53) + Windows 10 Pro + tambahan RAM 4GB - 9QAC,300428,9CPF,1,48,4,23-Dec-20,2020," 9,855,000 ",Equipment
643,"Hand Pallet ""HELI HPT 30"" - 9CPF",300429,9CPF,1,48,4,31-Jan-21,2021," 4,000,000 ",Equipment
644,Gelgoog - Peanut Butter Grinder Machine (GGJMS-80),300430,9CPF,1,48,4,30-Mar-21,2021," 31,858,222 ",Equipment
645,Dixell - Temperature Controller XR60CX 5N1C1 - 9CPF,300440,9CPF,1,48,4,26-Apr-21,2021," 1,250,000 ",Equipment
646,Dixell - Temperature Controller XR60CX 5N1C1 - 9CPF,300441,9CPF,1,48,4,26-Apr-21,2021," 1,250,000 ",Equipment
647,Pompa Reagen Softener Type Chl 2-20,300431,9CPF,1,48,4,30-May-21,2021," 3,115,688 ",Equipment
648,Induction Sealer Machine F-200 #1 - 9CPF,300442,9CPF,1,48,4,7-Jun-21,2021," 1,800,000 ",Equipment
649,Induction Sealer Machine F-200 #2 - 9CPF,300443,9CPF,1,48,4,7-Jun-21,2021," 1,800,000 ",Equipment
650,GEA - Paste Filler Type GCG-MIX - 9CPF,300447,9CPF,1,48,4,23-Jul-21,2021," 27,000,000 ",Equipment
651,KIMO Pt100 Portable Thermometer TR61 - 9OPS,300432,9CPF,1,48,4,9-Jul-21,2021," 4,140,000 ",Equipment
652,DeltaTrak Temperature Thermometer 12217 - 9CPF,300433,9CPF,1,48,4,9-Jul-21,2021," 765,000 ",Equipment
653,DeltaTrak Temperature Thermometer 12217 - 9CPF,300434,9CPF,1,48,4,9-Jul-21,2021," 765,000 ",Equipment
654,DeltaTrak Temperature Thermometer 12217 - 9CPF,300435,9CPF,1,48,4,9-Jul-21,2021," 765,000 ",Equipment
655,DeltaTrak Temperature Thermometer 12217 - 9CPF,300436,9CPF,1,48,4,9-Jul-21,2021," 765,000 ",Equipment
656,DeltaTrak Temperature Thermometer 12217 - 9CPF,300437,9CPF,1,48,4,9-Jul-21,2021," 765,000 ",Equipment
657,DeltaTrak Temperature Thermometer 12217 - 9CPF,300438,9CPF,1,48,4,9-Jul-21,2021," 765,000 ",Equipment
658,Robot Coupe - Vertical Cutter Mixer R30 - 9CPF,300439,9CPF,,48,4,1-Aug-21,2021," 180,300,000 ",Equipment
659,Robot Coupe - Vertical Cutter Mixer R30 - 9CPF,300448,9CPF,1,48,4,21-Sep-21,2021," 180,300,000 ",Equipment
660,NB HP 240 G8 [365K7PA]/i3-1005G1/4+4gb/256gb SSD/no odd/Win10 Prof/3-3-3 - 9QAC,300449,9CPF,1,48,4,10-Sep-21,2021," 9,750,000 ",Equipment
661,"COLD DRINK DISPENSER SINGLE BOWL 19L, CRATHCO D155-4 - 9CPF",300450,9CPF,1,48,4,13-Sep-21,2021," 10,100,000 ",Equipment
662,GETRA - Filler Machine for Liquid/Paste Type A03 - 9CPF,300451,9CPF,1,48,4,6-Sep-21,2021," 3,000,000 ",Equipment
663,GETRA - Filler Machine for Liquid/Paste Type A03 - 9CPF,300452,9CPF,1,48,4,27-Sep-21,2021," 3,000,000 ",Equipment
664,"COLD DRINK DISPENSER SINGLE BOWL 19L, CRATHCO D155-4 - 9CPF",300453,9CPF,1,48,4,30-Sep-21,2021," 10,100,000 ",Equipment
665,"COLD DRINK DISPENSER SINGLE BOWL 19L, CRATHCO D155-4 - 9CPF",300454,9CPF,1,48,4,30-Sep-21,2021," 10,100,000 ",Equipment
666,"1 Set Belt Conveyor 3mm, Size 600X1500mm (warna Hijau) - 9CPF",300455,9CPF,1,48,4,1-Sep-21,2021," 11,000,000 ",Equipment
667,"1 Set Belt Conveyor 3mm, Size 600X1500mm (warna Hijau) - 9CPF",300456,9CPF,1,48,4,1-Sep-21,2021," 11,000,000 ",Equipment
668,Epson LQ-590II - 9CPF,300457,9CPF,1,48,4,4-Nov-21,2021," 6,586,500 ",Equipment
669,GARBIN Convention Oven Bravo Digital - 9PRD,300458,9PRD,1,48,4,27-Dec-21,2021," 19,545,454 ",Equipment
670,SAMSUNG Galaxy A03S - 9QAC,300462,9QAC,1,48,4,20-Dec-21,2021," 1,614,000 ",Equipment
671,Robot Coupe - Vegetable Preparation Machine CL 50 Ultra - 9CPF,300461,9CPF,1,48,4,31-Jan-22,2022," 35,363,636 ",Equipment
672,POLYTRON PAS PRO12F2 Professional Active Speaker - 9CPF,300463,9CPF,1,48,4,14-Jan-22,2022," 2,274,300 ",Equipment
673,PHILIPS SBM200 SPEAKER PINGGANG WAISTBAND #1 - 9CPF,300464,9CPF,1,48,4,14-Jan-22,2022," 583,000 ",Equipment
674,PHILIPS SBM200 SPEAKER PINGGANG WAISTBAND #2 - 9CPF,300465,9CPF,1,48,4,14-Jan-22,2022," 583,000 ",Equipment
675,Ashley Better-4 & Mic Ashley Voice -1000- 9CPF,300466,9CPF,1,48,4,14-Jan-22,2022," 2,265,000 ",Equipment
676,Xiaomi Home Theater Mi TV Speaker Soundbar Subwoofer Theatre 2.1- 9CPF,300467,9CPF,1,48,4,14-Jan-22,2022," 2,205,000 ",Equipment
677,Moveable Trolley for Water Container Stainless Steel 120L #1 - 9CPF,300482,9CPF,1,48,4,17-Feb-22,2022," 3,700,000 ",Equipment
678,Moveable Trolley for Water Container Stainless Steel 120L #2 - 9CPF,300483,9CPF,1,48,4,17-Feb-22,2022," 3,700,000 ",Equipment
679,Moveable Trolley for Water Container Stainless Steel 120L #3 - 9CPF,300484,9CPF,1,48,4,17-Feb-22,2022," 3,700,000 ",Equipment
680,Moveable Trolley for Water Container Stainless Steel 120L #4 - 9CPF,300485,9CPF,1,48,4,17-Feb-22,2022," 3,700,000 ",Equipment
681,OHAUS Pioneer Precision PX4202/E - 9PRD,300491,9PRD,1,48,4,23-Feb-22,2022," 16,565,650 ",Equipment
682,GSC type SGW-7000SS Waterproof Bench Scale - 9CPF,300492,9CPF,1,48,4,23-Feb-22,2022," 7,000,000 ",Equipment
683,Water Container Stainless Steel 58L #1 - 9CPF,300468,9CPF,1,48,4,2-Mar-22,2022," 4,500,000 ",Equipment
684,Water Container Stainless Steel 58L #2 - 9CPF,300469,9CPF,1,48,4,2-Mar-22,2022," 4,500,000 ",Equipment
685,Water Container Stainless Steel 58L #3 - 9CPF,300470,9CPF,1,48,4,2-Mar-22,2022," 4,500,000 ",Equipment
686,Water Container Stainless Steel 58L #4 - 9CPF,300471,9CPF,1,48,4,2-Mar-22,2022," 4,500,000 ",Equipment
687,Water Container Stainless Steel 120L #1 - 9CPF,300472,9CPF,1,48,4,2-Mar-22,2022," 5,500,000 ",Equipment
688,Water Container Stainless Steel 120L #2 - 9CPF,300473,9CPF,1,48,4,2-Mar-22,2022," 5,500,000 ",Equipment
689,Water Container Stainless Steel 120L #3 - 9CPF,300474,9CPF,1,48,4,2-Mar-22,2022," 5,500,000 ",Equipment
690,Water Container Stainless Steel 120L #4 - 9CPF,300475,9CPF,1,48,4,2-Mar-22,2022," 5,500,000 ",Equipment
691,Water Container Stainless Steel 120L #5 - 9CPF,300476,9CPF,1,48,4,2-Mar-22,2022," 5,500,000 ",Equipment
692,Water Container Stainless Steel 120L #6 - 9CPF,300477,9CPF,1,48,4,2-Mar-22,2022," 5,500,000 ",Equipment
693,Water Container Stainless Steel 120L #7 - 9CPF,300478,9CPF,1,48,4,2-Mar-22,2022," 5,500,000 ",Equipment
694,Water Container Stainless Steel 120L #8 - 9CPF,300479,9CPF,1,48,4,2-Mar-22,2022," 5,500,000 ",Equipment
695,Water Container Stainless Steel 120L #9 - 9CPF,300480,9CPF,1,48,4,2-Mar-22,2022," 5,500,000 ",Equipment
696,Water Container Stainless Steel 120L #10 - 9CPF,300481,9CPF,1,48,4,2-Mar-22,2022," 5,500,000 ",Equipment
697,NB Acer travelmate TMP214-52 ic5-10210u/16GB DDR4/512GB SSD/Win10 Prof OEM/war.3-3-0 - 9CPF,300493,9CPF,1,48,4,7-Mar-22,2022," 12,100,000 ",Equipment
698,Balanza - Bench Scale TM-A 4050 Indicator BX - 9CPF,300494,9CPF,1,48,4,25-Apr-22,2022," 5,310,000 ",Equipment
699,GSC type SGW-7000SS Waterproof Bench Scale - 9CPF,300495,9CPF,1,48,4,13-May-22,2022," 7,000,000 ",Equipment
700,NB ACER TMP214-52 IC5-101210U /16 GB DDR4 /512 GB SSD/ WIN 11 PRO /WARRANTY 3-3-3 - 9CPF,300496,9CPF,1,48,4,11-Jul-22,2022," 11,891,892 ",Equipment
701,NB ACER TMP214-52 IC5-101210U /16 GB DDR4 /512 GB SSD/ WIN 11 PRO /WARRANTY 3-3-3 - 9CPF,300497,9CPF,1,48,4,11-Jul-22,2022," 11,891,892 ",Equipment
702,Keranjang Galvanis (Pallet Mesh Dalton Stocky 7) #1 - 9CPF,300505,9CPF,1,48,4,13-Jul-22,2022," 1,780,000 ",Equipment
703,Keranjang Galvanis (Pallet Mesh Dalton Stocky 7) #2 - 9CPF,300506,9CPF,1,48,4,13-Jul-22,2022," 1,780,000 ",Equipment
704,Keranjang Galvanis (Pallet Mesh Dalton Stocky 7) #3 - 9CPF,300507,9CPF,1,48,4,13-Jul-22,2022," 1,780,000 ",Equipment
705,"Centrifugal Pump/Pompa Air Baku (flow rate 15m3/hr, head 40Mtr, Power 3KW 4HP) - 9CPF",300514,9CPF,1,48,4,11-Jul-22,2022," 13,195,000 ",Equipment
706,DAIKIN (Thai) AC 1.5PK (include Installation) - 9CPF,300511,9CPF,1,48,4,12-Aug-22,2022," 7,813,000 ",Equipment
707,DAIKIN (Thai) AC 1.5PK (include Installation) - 9CPF,300512,9CPF,1,48,4,12-Aug-22,2022," 7,813,000 ",Equipment
708,Summersible Pump SHIMIZU SPN 250 BIT/250watt/220V AC/130 LtrPerMin - 9CPF,300515,9CPF,1,48,4,10-Aug-22,2022," 2,500,000 ",Equipment
709,Logitech Group Video Conferencing System - 9IST,300516,9IST,1,48,4,18-Aug-22,2022," 13,965,000 ",Equipment
710,Logitech Group Expansion Mics (2expansion mics) - 9IST,300517,9IST,1,48,4,18-Aug-22,2022," 4,425,000 ",Equipment
711,Conveyor Shrink Tunnel UV - 9CPF,300325,9CPF,1,48,4,23-Aug-22,2022," 76,500,000 ",Equipment
712,GEA Universal Fried Machine CS-60 L - 9PRD,300518,9PRD,1,48,4,1-Sep-22,2022," 101,470,000 ",Equipment
713,GEA Colloid Mill GNM-130 - 9PRD,300519,9PRD,1,48,4,1-Sep-22,2022," 54,750,000 ",Equipment
714,GEA Filler Machine GSG-MIX - 9PRD,300520,9PRD,1,48,4,1-Sep-22,2022," 26,280,000 ",Equipment
715,Automatic Capping Machine 3 heads with PLC Touch Screen system + Small Autofeeder - 9CPF,300382,9CPF,1,96,8,1-Oct-22,2022," 169,800,000 ",Equipment
716,Automatic Rinsing Machine 8 head with PLC Touch Screen System + Air Conveyor - 9CPF,300383,9CPF,1,96,8,1-Oct-22,2022," 155,650,000 ",Equipment
717,UV Light for Capping Machine - 9CPF,300384,9CPF,1,48,4,1-Oct-22,2022," 14,150,000 ",Equipment
718,SX-280 Commercial Juice Press System (Complete Set) - 9CPF,300385,9CPF,1,96,8,1-Oct-22,2022," 2,859,061,595 ",Equipment
719,Manual Capper 1 Head - 9CPF,300386,9CPF,1,48,4,1-Oct-22,2022," 7,075,000 ",Equipment
720,Manual Capper 1 Head - 9CPF,300387,9CPF,1,48,4,1-Oct-22,2022," 7,075,000 ",Equipment
721,Manual Capper 1 Head - 9CPF,300388,9CPF,1,48,4,1-Oct-22,2022," 7,075,000 ",Equipment
722,Manual Capper 1 Head - 9CPF,300389,9CPF,1,48,4,1-Oct-22,2022," 7,075,000 ",Equipment
723,Automatic Sticker Labeling Machine 3 side Label with transparant label sensor (Square Bottle) - 9CPF,300459,9CPF,1,96,8,1-Oct-22,2022," 319,000,000 ",Equipment
724,HIPERBARIC Double Intensifier DMB6 - 9CPF,300460,9CPF,1,96,8,1-Oct-22,2022," 2,121,604,853 ",Equipment
725,1 set Incline Conveyor To Hopper Cruser incl.platform & Tutup - 9CPF,300490,9CPF,1,96,8,1-Oct-22,2022," 173,329,200 ",Equipment
726,CECCATO - Compressor CSM10-10 TMDD - Integrated (inc.carbon filter) - 9CPF,300498,9CPF,1,96,8,12-Oct-22,2022," 92,515,500 ",Equipment
727,Ice Lolly Machine - CY40-1 - 9PRD,300513,9PRD,1,48,4,1-Oct-22,2022," 16,425,000 ",Equipment
728,GEA Planetary Mixer B-60 - 9PRD,300521,9PRD,1,48,4,1-Oct-22,2022," 50,370,000 ",Equipment
729,"Hand Pallet ""HELI HPT 30"" - 9CPF",300522,9CPF,1,48,4,4-Oct-22,2022," 4,250,000 ",Equipment
730,Set Audio Installation (Mixer+Speaker&Subwoofer+Mic) - 9IST,300523,9IST,1,48,4,17-Oct-22,2022," 24,000,000 ",Equipment
731,Glycol Cooling Chiller HAKAI with installation + Water Tank & Pump - 9CPF,300524,9CPF,1,96,8,1-Oct-22,2022," 542,070,000 ",Equipment
732,SHARP - Air Purifier Tipe FP-J80Y-H - 9CPF,300345,9CPF,1,48,4,4-Nov-22,2022," 3,572,000 ",Equipment
733,"Thermometer Data Logger ""Tempod 30"" - 9LAB",300499,9LAB,1,48,4,1-Nov-22,2022," 771,234 ",Equipment
734,"Thermometer Data Logger ""Tempod 30"" - 9LAB",300500,9LAB,1,48,4,1-Nov-22,2022," 771,234 ",Equipment
735,"Thermometer Data Logger ""Tempod 30"" - 9LAB",300501,9LAB,1,48,4,1-Nov-22,2022," 771,234 ",Equipment
736,"Thermometer Data Logger ""Tempod 30"" - 9LAB",300502,9LAB,1,48,4,1-Nov-22,2022," 771,234 ",Equipment
737,"Thermometer Data Logger ""Tempod 30"" - 9LAB",300503,9LAB,1,48,4,1-Nov-22,2022," 771,234 ",Equipment
738,"Thermometer Data Logger ""Tempod 30"" - 9LAB",300504,9LAB,1,48,4,1-Nov-22,2022," 771,234 ",Equipment
739,GEA UpRight Glass Door Freezer FD-LD67 - 9PRD,300528,9PRD,1,48,4,11-Nov-22,2022," 19,345,000 ",Equipment
740,KASSEN Smart Handheld Inkjet Printer HD-3000 - 9CPF,300532,9CPF,1,48,4,28-Nov-22,2022," 5,581,000 ",Equipment
741,ENTROPY VIVA 5S - 9PRD,300533,9PRD,1,48,4,7-Nov-22,2022," 38,872,190 ",Equipment
742,"Instalasi Pipeline Washing, Rinser, Capping to Buffer - 9CPF",300536,9CPF,1,48,4,9-Nov-22,2022," 75,635,850 ",Equipment
743,"Instalasi Kabel Tufur, Panel & Power Outlet - 9CPF",300537,9CPF,1,48,4,9-Nov-22,2022," 203,156,150 ",Equipment
744,Trolley Container Bilas #1 - 9MEP,300486,9MEP,1,48,4,30-Dec-22,2022," 8,500,000 ",Equipment
745,Vitamix VM-149 - 9PRD,300527,9PRD,1,48,4,5-Dec-22,2022," 21,891,891 ",Equipment
746,OHAUS Pioneer Precision PX4202/E - 9PRD,300531,9PRD,1,48,4,8-Dec-22,2022," 19,027,250 ",Equipment
747,SAMSUNG Galaxy A04 4/64GB - 9FNA,300534,9FNA,1,48,4,14-Dec-22,2022," 1,600,000 ",Equipment
748,TASCO Mesin Fogging Mini KB-100 - 9CPF,300535,9CPF,1,48,4,20-Dec-22,2022," 2,099,000 ",Equipment
749,Cold Pressed Facility Building - GIIP Tangerang,200001,9CPF,,240,20,Jan-19,2019," 26,044,900,792 ",Building
750,Cold Pressed Facility Building - GIIP Tangerang - Cornice (sub 200001),200002,9CPF,,240,20,Apr-19,2019," 99,225,000 ",Building
751,Cold Pressed Facility Building - GIIP Tangerang - Ruangan Laboratorium (sub 200001),200003,9CPF,,240,20,May-19,2019," 50,862,000 ",Building
752,"Cold Pressed Facility Building - GIIP Tangerang -Instalasi Listrik Lt.2 (Lab PRD, Meeting & Trainin)",200005,9CPF,,240,20,Jul-19,2019," 15,350,000 ",Building
753,Cold Pressed Facility Building - GIIP Tangerang - Renovasi Ruangan Lt.2 (sub 200001),200004,9CPF,,240,20,Sep-19,2019," 110,825,000 ",Building
754,Cold Pressed Facility Building - GIIP Tangerang - Finishin Cold Storage PO 901000401,200006,9CPF,,240,20,Nov-19,2019," 248,662,064 ",Building
755,Cold Pressed Facility Building - GIIP Tangerang - Ruang Ganti & Penutup Celah PO 901000370,200007,9CPF,,240,20,Jul-20,2020," 144,000,000 ",Building
756,Cold Pressed Facility Building - GIIP Tangerang - CANOPY & PLATFORM AC - PO 921000199,200008,9CPF,,240,20,Jul-20,2020," 156,500,000 ",Building
757,Cold Pressed Facility Building - GIIP Tangerang - CANOPY & PLATFORM AC - PO 921001973,200009,9CPF,,240,20,Apr-21,2021," 67,488,000 ",Building
758,Cold Pressed Facility Building - GIIP Tangerang - Floor Ucrete - PO 921004154,200010,9CPF,,240,20,Nov-22,2022," 167,957,030 ",Building
